"pmid","priority","doi","title","year","journal","primary_text_source","source_markdown_path","upload_markdown_path","file_size"
"10562535","high","10.1093/emboj/18.22.6228","[Schwarzenbacher R.] (1999) The EMBO journal — Crystal structure of human beta2-glycoprotein I: implications for phospholipid binding and the antiphospholipid syndrome.","1999","The EMBO journal","knowhere_pdf_markdown","D:\科研\SH Science Group\综述文献打分\library\knowhere_results\10562535__Schwarzenbacher_R._1999_The_EMBO_journal_Crystal_structure_of_human_beta\result\full.md","D:\科研\SH Science Group\综述文献打分\server_markdown_upload_ready\markdown_docs\pmid_10562535.md","48525"
"15731290","high","10.1136/ard.2004.031856","[Erkan D.] (2005) Annals of the rheumatic… — Real world experience with antiphospholipid antibody tests: how stable are results over time?","2005","Annals of the rheumatic diseases","knowhere_pdf_markdown","D:\科研\SH Science Group\综述文献打分\library\knowhere_batch\15731290__Erkan_D._2005_Annals_of_the_rheumatic_Real_world_experience_with_antipho\result\full.md","D:\科研\SH Science Group\综述文献打分\server_markdown_upload_ready\markdown_docs\pmid_15731290.md","30275"
"15817655","high","10.1136/ard.2005.035824","[Bertolaccini L.] (2005) Annals of the rheumatic… — Antiphospholipid antibody tests: spreading the net.","2005","Annals of the rheumatic diseases","knowhere_pdf_markdown","D:\科研\SH Science Group\综述文献打分\library\knowhere_batch\15817655__Bertolaccini_L._2005_Annals_of_the_rheumatic_Antiphospholipid_antibody_t\result\full.md","D:\科研\SH Science Group\综述文献打分\server_markdown_upload_ready\markdown_docs\pmid_15817655.md","20858"
"16953276","high","10.1160/th06-05-0287","[Ruffatti A.] (2006) Thrombosis and haemostasis — Antibody profile and clinical course in primary antiphospholipid syndrome with pregnancy morbidity.","2006","Thrombosis and haemostasis","knowhere_pdf_markdown","D:\科研\SH Science Group\综述文献打分\library\knowhere_retry_five\16953276__Ruffatti_A._2006_Thrombosis_and_haemostasis_Antibody_profile_and_clinica\result\full.md","D:\科研\SH Science Group\综述文献打分\server_markdown_upload_ready\markdown_docs\pmid_16953276.md","3766"
"17223652","high","10.1136/ard.2006.063909","[Hamid C.] (2007) Annals of the rheumatic… — Anti-beta2GPI-antibody-induced endothelial cell gene expression profiling reveals induction of novel pro-inflammatory genes potentially involved in primary antiphospholipid syndrome.","2007","Annals of the rheumatic diseases","knowhere_pdf_markdown","D:\科研\SH Science Group\综述文献打分\library\knowhere_batch\17223652__Hamid_C._2007_Annals_of_the_rheumatic_Anti-beta2GPI-antibody-induced_end\result\full.md","D:\科研\SH Science Group\综述文献打分\server_markdown_upload_ready\markdown_docs\pmid_17223652.md","44421"
"17261530","high","10.1136/ard.2006.065037","[Pierangeli S.] (2007) Annals of the rheumatic… — Toll-like receptor and antiphospholipid mediated thrombosis: in vivo studies.","2007","Annals of the rheumatic diseases","knowhere_pdf_markdown","D:\科研\SH Science Group\综述文献打分\library\knowhere_batch\17261530__Pierangeli_S._2007_Annals_of_the_rheumatic_Toll-like_receptor_and_antiph\result\full.md","D:\科研\SH Science Group\综述文献打分\server_markdown_upload_ready\markdown_docs\pmid_17261530.md","38389"
"18802482","high","10.1172/jci36089","[Redecha P.] (2008) The Journal of clinical… — Neutrophil activation by the tissue factor/Factor VIIa/PAR2 axis mediates fetal death in a mouse model of antiphospholipid syndrome.","2008","The Journal of clinical investigation","knowhere_pdf_markdown","D:\科研\SH Science Group\综述文献打分\library\knowhere_batch\18802482__Redecha_P._2008_The_Journal_of_clinical_Neutrophil_activation_by_the_tis\result\full.md","D:\科研\SH Science Group\综述文献打分\server_markdown_upload_ready\markdown_docs\pmid_18802482.md","59303"
"19628708","high","10.1182/blood-2008-11-188698","[Romay-Penabad Z.] (2009) Blood — Annexin A2 is involved in antiphospholipid antibody-mediated pathogenic effects in vitro and in vivo.","2009","Blood","knowhere_pdf_markdown","D:\科研\SH Science Group\综述文献打分\library\knowhere_batch\19628708__Romay-Penabad_Z._2009_Blood_Annexin_A2_is_involved_in_antiphospholipid_a\result\full.md","D:\科研\SH Science Group\综述文献打分\server_markdown_upload_ready\markdown_docs\pmid_19628708.md","51118"
"19965621","high","10.1182/blood-2009-04-213520","[Rand H.] (2009) Blood — Hydroxychloroquine protects the annexin A5 anticoagulant shield from disruption by antiphospholipid antibodies: evidence for a novel effect for an old antimalarial drug.","2009","Blood","knowhere_pdf_markdown","D:\科研\SH Science Group\综述文献打分\library\knowhere_batch\19965621__Rand_H._2009_Blood_Hydroxychloroquine_protects_the_annexin_A5_anticoagul\result\full.md","D:\科研\SH Science Group\综述文献打分\server_markdown_upload_ready\markdown_docs\pmid_19965621.md","47286"
"20655705","high","10.1016/j.jaut.2010.06.013","[Passam H.] (2010) Journal of autoimmunity — In vivo modulation of angiogenesis by beta 2 glycoprotein I.","2010","Journal of autoimmunity","knowhere_pdf_markdown","D:\科研\SH Science Group\综述文献打分\library\knowhere_batch\20655705__Passam_H._2010_Journal_of_autoimmunity_In_vivo_modulation_of_angiogenesi\result\full.md","D:\科研\SH Science Group\综述文献打分\server_markdown_upload_ready\markdown_docs\pmid_20655705.md","38752"
"21123944","high","10.1172/jci39828","[Ramesh S.] (2010) The Journal of clinical… — Antiphospholipid antibodies promote leukocyte-endothelial cell adhesion and thrombosis in mice by antagonizing eNOS via β2GPI and apoER2.","2010","The Journal of clinical investigation","knowhere_pdf_markdown","D:\科研\SH Science Group\综述文献打分\library\knowhere_batch\21123944__Ramesh_S._2010_The_Journal_of_clinical_Antiphospholipid_antibodies_promo\result\full.md","D:\科研\SH Science Group\综述文献打分\server_markdown_upload_ready\markdown_docs\pmid_21123944.md","70864"
"22234447","high","10.1160/th11-08-0554","[Breen A.] (2012) Thrombosis and haemostasis — Complement activation in patients with isolated antiphospholipid antibodies or primary antiphospholipid syndrome.","2012","Thrombosis and haemostasis","knowhere_pdf_markdown","D:\科研\SH Science Group\综述文献打分\library\knowhere_batch\22234447__Breen_A._2012_Thrombosis_and_haemostasis_Complement_activation_in_patien\result\full.md","D:\科研\SH Science Group\综述文献打分\server_markdown_upload_ready\markdown_docs\pmid_22234447.md","3747"
"22399307","high","10.1055/s-0032-1304719","[Pengo V.] (2012) Seminars in thrombosis and… — What have we learned about antiphospholipid syndrome from patients and antiphospholipid carrier cohorts?","2012","Seminars in thrombosis and hemostasis","knowhere_pdf_markdown","D:\科研\SH Science Group\综述文献打分\library\knowhere_batch\22399307__Pengo_V._2012_Seminars_in_thrombosis_and_What_have_we_learned_about_anti\result\full.md","D:\科研\SH Science Group\综述文献打分\server_markdown_upload_ready\markdown_docs\pmid_22399307.md","7994"
"22454760","high","10.1155/2012/404815","Significant Changes in the Levels of Secreted Cytokines in Brains of Experimental Antiphospholipid Syndrome Mice","2012","Autoimmune diseases","xml_markdown","D:\科研\SH Science Group\综述文献打分\library\processed\22454760__Menachem_A._2012_Autoimmune_diseases_Significant_changes_in_the_levels_o\article.md","D:\科研\SH Science Group\综述文献打分\server_markdown_upload_ready\markdown_docs\pmid_22454760.md","21154"
"24054056","high","10.1016/j.thromres.2013.08.015","[Brandt J.] (2013) Thrombosis research — Receptors involved in cell activation by antiphospholipid antibodies.","2013","Thrombosis research","knowhere_pdf_markdown","D:\科研\SH Science Group\综述文献打分\library\knowhere_batch\24054056__Brandt_J._2013_Thrombosis_research_Receptors_involved_in_cell_activation\result\full.md","D:\科研\SH Science Group\综述文献打分\server_markdown_upload_ready\markdown_docs\pmid_24054056.md","25040"
"24172938","high","10.1160/th13-06-0509","[Sciascia S.] (2013) Thrombosis and haemostasis — Anti-prothrombin (aPT) and anti-phosphatidylserine/prothrombin (aPS/PT) antibodies and the risk of thrombosis in the antiphospholipid syndrome. A systematic review.","2013","Thrombosis and haemostasis","knowhere_pdf_markdown","D:\科研\SH Science Group\综述文献打分\library\knowhere_batch\24172938__Sciascia_S._2013_Thrombosis_and_haemostasis_Anti-prothrombin_aPT_and_ant\result\full.md","D:\科研\SH Science Group\综述文献打分\server_markdown_upload_ready\markdown_docs\pmid_24172938.md","2570"
"24475437","high","10.12860/jnp.2013.19","[Nishimura M.] (2013) Journal of nephropathology — The NF-κB specific inhibitor DHMEQ prevents thrombus formation in a mouse model of antiphospholipid syndrome.","2013","Journal of nephropathology","knowhere_pdf_markdown","D:\科研\SH Science Group\综述文献打分\library\knowhere_batch\24475437__Nishimura_M._2013_Journal_of_nephropathology_The_NF-κB_specific_inhibito\result\full.md","D:\科研\SH Science Group\综述文献打分\server_markdown_upload_ready\markdown_docs\pmid_24475437.md","24179"
"24825863","high","10.1182/blood-2014-02-554980","[Proulle V.] (2014) Blood — Platelets are required for enhanced activation of the endothelium and fibrinogen in a mouse thrombosis model of APS.","2014","Blood","knowhere_pdf_markdown","D:\科研\SH Science Group\综述文献打分\library\knowhere_batch\24825863__Proulle_V._2014_Blood_Platelets_are_required_for_enhanced_activation_of_\result\full.md","D:\科研\SH Science Group\综述文献打分\server_markdown_upload_ready\markdown_docs\pmid_24825863.md","57637"
"25245499","high","10.1038/mp.2014.110","Imaging of activated complement using ultrasmall superparamagnetic iron oxide particles (USPIO) - conjugated vectors: an in vivo in utero non-invasive method to predict placental insufficiency and abnormal fetal brain development","2014","Molecular psychiatry","xml_markdown","D:\科研\SH Science Group\综述文献打分\library\processed\25245499__Girardi_G._2014_Molecular_psychiatry_Imaging_of_activated_complement_usi\article.md","D:\科研\SH Science Group\综述文献打分\server_markdown_upload_ready\markdown_docs\pmid_25245499.md","43619"
"25301710","high","10.1182/blood-2014-05-577569","[Ripoll M.] (2014) Blood — Changes in regulation of human monocyte proteins in response to IgG from patients with antiphospholipid syndrome.","2014","Blood","knowhere_pdf_markdown","D:\科研\SH Science Group\综述文献打分\library\knowhere_batch\25301710__Ripoll_M._2014_Blood_Changes_in_regulation_of_human_monocyte_proteins_in\result\full.md","D:\科研\SH Science Group\综述文献打分\server_markdown_upload_ready\markdown_docs\pmid_25301710.md","45237"
"25469631","high","10.1111/aji.12341","Purified IgG from Patients with Obstetric but not IgG from Non-obstetric Antiphospholipid Syndrome Inhibit Trophoblast Invasion","2014","American journal of reproductive immunology (New York, N.Y. : 1989)","xml_markdown","D:\科研\SH Science Group\综述文献打分\library\processed\25469631__Poulton_K._2014_American_journal_of_Purified_IgG_from_patients_with_obst\article.md","D:\科研\SH Science Group\综述文献打分\server_markdown_upload_ready\markdown_docs\pmid_25469631.md","36401"
"25589411","high","10.1160/th14-07-0628","[Müller-Calleja N.] (2015) Thrombosis and haemostasis — Cofactor-independent antiphospholipid antibodies activate the NLRP3-inflammasome via endosomal NADPH-oxidase: implications for the antiphospholipid syndrome.","2015","Thrombosis and haemostasis","knowhere_pdf_markdown","D:\科研\SH Science Group\综述文献打分\library\knowhere_retry_five\25589411__Müller-Calleja_N._2015_Thrombosis_and_haemostasis_Cofactor-independent_a\result\full.md","D:\科研\SH Science Group\综述文献打分\server_markdown_upload_ready\markdown_docs\pmid_25589411.md","4498"
"25733579","high","10.1182/blood-2014-08-593624","[Tanimura K.] (2015) Blood — β2-Glycoprotein I/HLA class II complexes are novel autoantigens in antiphospholipid syndrome.","2015","Blood","knowhere_pdf_markdown","D:\科研\SH Science Group\综述文献打分\library\knowhere_batch\25733579__Tanimura_K._2015_Blood_β2-Glycoprotein_I_HLA_class_II_complexes_are_nove\result\full.md","D:\科研\SH Science Group\综述文献打分\server_markdown_upload_ready\markdown_docs\pmid_25733579.md","49507"
"25874238","high","10.1155/2015/858542","“New” Antigenic Targets and Methodological Approaches for Refining Laboratory Diagnosis of Antiphospholipid Syndrome","2015","Journal of immunology research","xml_markdown","D:\科研\SH Science Group\综述文献打分\library\processed\25874238__Misasi_R._2015_Journal_of_immunology_research_New_antigenic_targets_and_\article.md","D:\科研\SH Science Group\综述文献打分\server_markdown_upload_ready\markdown_docs\pmid_25874238.md","45869"
"25940537","high","10.1177/0961203315581207","Rivaroxaban in antiphospholipid syndrome (RAPS) protocol: a prospective, randomized controlled phase II/III clinical trial of rivaroxaban versus warfarin in patients with thrombotic antiphospholipid syndrome, with or without SLE","2015","Lupus","xml_markdown","D:\科研\SH Science Group\综述文献打分\library\processed\25940537__Cohen_H._2015_Lupus_Rivaroxaban_in_antiphospholipid_syndrome_RAPS_protoc\article.md","D:\科研\SH Science Group\综述文献打分\server_markdown_upload_ready\markdown_docs\pmid_25940537.md","23827"
"26276935","high","10.1055/s-0035-1556725","[de G.] (2015) Seminars in thrombosis and… — Antiphospholipid Syndrome--Not a Noninflammatory Disease.","2015","Seminars in thrombosis and hemostasis","knowhere_pdf_markdown","D:\科研\SH Science Group\综述文献打分\library\knowhere_batch\26276935__de_G._2015_Seminars_in_thrombosis_and_Antiphospholipid_Syndrome--Not_a_N\result\full.md","D:\科研\SH Science Group\综述文献打分\server_markdown_upload_ready\markdown_docs\pmid_26276935.md","7851"
"27160365","high","10.1016/j.jaut.2016.04.008","[Bertolaccini M.] (2016) Journal of autoimmunity — Complement inhibition by hydroxychloroquine prevents placental and fetal brain abnormalities in antiphospholipid syndrome.","2016","Journal of autoimmunity","knowhere_pdf_markdown","D:\科研\SH Science Group\综述文献打分\library\knowhere_batch\27160365__Bertolaccini_M._2016_Journal_of_autoimmunity_Complement_inhibition_by_hy\result\full.md","D:\科研\SH Science Group\综述文献打分\server_markdown_upload_ready\markdown_docs\pmid_27160365.md","34170"
"27264369","high","10.5152/tjh.2011.56","[Hançer V.] (2011) Turkish journal of… — ADAMTS-13 gene expression in antiphospholipid syndrome.","2011","Turkish journal of haematology : official journal of Turkish Society of Haematology","knowhere_pdf_markdown","D:\科研\SH Science Group\综述文献打分\library\knowhere_results\27264369__Hançer_V._2011_Turkish_journal_of_ADAMTS-13_gene_expression_in_antiphosp\result\full.md","D:\科研\SH Science Group\综述文献打分\server_markdown_upload_ready\markdown_docs\pmid_27264369.md","18467"
"27429595","high","10.1186/s12948-016-0043-2","Thrombotic risk assessment in antiphospholipid syndrome: the role of new antibody specificities and thrombin generation assay","2016","Clinical and molecular allergy : CMA","xml_markdown","D:\科研\SH Science Group\综述文献打分\library\processed\27429595__Sciascia_S._2016_Clinical_and_molecular_Thrombotic_risk_assessment_in_an\article.md","D:\科研\SH Science Group\综述文献打分\server_markdown_upload_ready\markdown_docs\pmid_27429595.md","33534"
"27463336","high","10.1371/journal.pone.0158757","Identification of a Monoclonal Antibody That Attenuates Antiphospholipid Syndrome-Related Pregnancy Complications and Thrombosis","2016","PloS one","xml_markdown","D:\科研\SH Science Group\综述文献打分\library\processed\27463336__Mineo_C._2016_PloS_one_Identification_of_a_Monoclonal_Antibody_That_Atte\article.md","D:\科研\SH Science Group\综述文献打分\server_markdown_upload_ready\markdown_docs\pmid_27463336.md","38355"
"27570089","high","10.1016/s2352-3026(16)30079-5","Rivaroxaban versus warfarin to treat patients with thrombotic antiphospholipid syndrome, with or without systemic lupus erythematosus (RAPS): a randomised, controlled, open-label, phase 2/3, non-inferiority trial","2016","The Lancet. Haematology","xml_markdown","D:\科研\SH Science Group\综述文献打分\library\processed\27570089__Cohen_H._2016_The_Lancet._Haematology_Rivaroxaban_versus_warfarin_to_tre\article.md","D:\科研\SH Science Group\综述文献打分\server_markdown_upload_ready\markdown_docs\pmid_27570089.md","42185"
"27868072","high","10.1155/2016/1719720","The Role of TLR4 on B Cell Activation and Anti- β 2 GPI Antibody Production in the Antiphospholipid Syndrome","2016","Journal of immunology research","xml_markdown","D:\科研\SH Science Group\综述文献打分\library\processed\27868072__Cheng_S._2016_Journal_of_immunology_research_The_Role_of_TLR4_on_B_Cell_\article.md","D:\科研\SH Science Group\综述文献打分\server_markdown_upload_ready\markdown_docs\pmid_27868072.md","37618"
"28899804","high","10.1016/j.autrev.2017.09.004","[Sciascia S.] (2017) Autoimmunity reviews — Can we withdraw anticoagulation in patients with antiphospholipid syndrome after seroconvertion?","2017","Autoimmunity reviews","knowhere_pdf_markdown","D:\科研\SH Science Group\综述文献打分\library\knowhere_batch\28899804__Sciascia_S._2017_Autoimmunity_reviews_Can_we_withdraw_anticoagulation_in\result\full.md","D:\科研\SH Science Group\综述文献打分\server_markdown_upload_ready\markdown_docs\pmid_28899804.md","29874"
"28931754","high","10.1172/jci.insight.93897","[Knight S.] (2017) JCI insight — Activated signature of antiphospholipid syndrome neutrophils reveals potential therapeutic target.","2017","JCI insight","knowhere_pdf_markdown","D:\科研\SH Science Group\综述文献打分\library\knowhere_batch\28931754__Knight_S._2017_JCI_insight_Activated_signature_of_antiphospholipid_syndr\result\full.md","D:\科研\SH Science Group\综述文献打分\server_markdown_upload_ready\markdown_docs\pmid_28931754.md","62099"
"29971066","high","10.3389/fimmu.2018.01388","Pathogenic Role of Complement in Antiphospholipid Syndrome and Therapeutic Implications","2018","Frontiers in immunology","xml_markdown","D:\科研\SH Science Group\综述文献打分\library\processed\29971066__Tedesco_F._2018_Frontiers_in_immunology_Pathogenic_Role_of_Complement_in\article.md","D:\科研\SH Science Group\综述文献打分\server_markdown_upload_ready\markdown_docs\pmid_29971066.md","28355"
"30323817","high","10.3389/fimmu.2018.02244","Antiphospholipid Antibodies to Domain I of Beta-2-Glycoprotein I Show Different Subclass Predominance in Comparison to Antibodies to Whole Beta-2-glycoprotein I","2018","Frontiers in immunology","xml_markdown","D:\科研\SH Science Group\综述文献打分\library\processed\30323817__McDonnell_T._2018_Frontiers_in_immunology_Antiphospholipid_Antibodies_to\article.md","D:\科研\SH Science Group\综述文献打分\server_markdown_upload_ready\markdown_docs\pmid_30323817.md","24355"
"30508199","high","10.1093/rheumatology/key340","[Ohnishi N.] (2019) Rheumatology (Oxford, England) — Efficacy of dual antiplatelet therapy for preventing recurrence of arterial thrombosis in patients with antiphospholipid syndrome.","2019","Rheumatology (Oxford, England)","knowhere_pdf_markdown","D:\科研\SH Science Group\综述文献打分\library\knowhere_batch\30508199__Ohnishi_N._2019_Rheumatology_Oxford_England_Efficacy_of_dual_antiplatele\result\full.md","D:\科研\SH Science Group\综述文献打分\server_markdown_upload_ready\markdown_docs\pmid_30508199.md","20423"
"31015489","high","10.1038/s41467-019-09801-x","Adenosine receptor agonism protects against NETosis and thrombosis in antiphospholipid syndrome","2019","Nature communications","xml_markdown","D:\科研\SH Science Group\综述文献打分\library\processed\31015489__Ali_A._2019_Nature_communications_Adenosine_receptor_agonism_protects_ag\article.md","D:\科研\SH Science Group\综述文献打分\server_markdown_upload_ready\markdown_docs\pmid_31015489.md","47871"
"31040845","high","10.3389/fimmu.2019.00764","New Biomarkers for Atherothrombosis in Antiphospholipid Syndrome: Genomics and Epigenetics Approaches","2019","Frontiers in immunology","xml_markdown","D:\科研\SH Science Group\综述文献打分\library\processed\31040845__Lopez-Pedrera_C._2019_Frontiers_in_immunology_New_Biomarkers_for_Atherot\article.md","D:\科研\SH Science Group\综述文献打分\server_markdown_upload_ready\markdown_docs\pmid_31040845.md","67579"
"31134062","high","10.3389/fimmu.2019.00941","Cardiac Manifestations of Antiphospholipid Syndrome With Focus on Its Primary Form","2019","Frontiers in immunology","xml_markdown","D:\科研\SH Science Group\综述文献打分\library\processed\31134062__Kolitz_T._2019_Frontiers_in_immunology_Cardiac_Manifestations_of_Antipho\article.md","D:\科研\SH Science Group\综述文献打分\server_markdown_upload_ready\markdown_docs\pmid_31134062.md","44070"
"31434703","high","10.1182/blood.2019001530","[Müller-Calleja N.] (2019) Blood — Tissue factor pathway inhibitor primes monocytes for antiphospholipid antibody-induced thrombosis.","2019","Blood","knowhere_pdf_markdown","D:\科研\SH Science Group\综述文献打分\library\knowhere_batch\31434703__Müller-Calleja_N._2019_Blood_Tissue_factor_pathway_inhibitor_primes_mono\result\full.md","D:\科研\SH Science Group\综述文献打分\server_markdown_upload_ready\markdown_docs\pmid_31434703.md","51162"
"31471128","high","10.1016/j.blre.2019.100610","The role of beta-2-glycoprotein I in health and disease associating structure with function: More than just APS","2019","Blood reviews","xml_markdown","D:\科研\SH Science Group\综述文献打分\library\processed\31471128__McDonnell_T._2019_Blood_reviews_The_role_of_beta-2-glycoprotein_I_in_hea\article.md","D:\科研\SH Science Group\综述文献打分\server_markdown_upload_ready\markdown_docs\pmid_31471128.md","63547"
"31624789","high","10.1002/rth2.12245","Ruling out lupus anticoagulants with mixing test–specific cutoff assessment and the index of circulating anticoagulant","2019","Research and practice in thrombosis and haemostasis","xml_markdown","D:\科研\SH Science Group\综述文献打分\library\processed\31624789__Kumano_O._2019_Research_and_practice_in_Ruling_out_lupus_anticoagulants_\article.md","D:\科研\SH Science Group\综述文献打分\server_markdown_upload_ready\markdown_docs\pmid_31624789.md","26152"
"31751406","high","10.1371/journal.pone.0225463","Liquid Chromatography/Mass Spectrometry based serum metabolomics study on recurrent abortion women with antiphospholipid syndrome","2019","PloS one","xml_markdown","D:\科研\SH Science Group\综述文献打分\library\processed\31751406__Zhang_L._2019_PloS_one_Liquid_Chromatography_Mass_Spectrometry_based_ser\article.md","D:\科研\SH Science Group\综述文献打分\server_markdown_upload_ready\markdown_docs\pmid_31751406.md","19357"
"31808842","high","10.1182/hematology.2019000073","[Sevim E.] (2019) Hematology. American Society… — Is there a role for immunosuppression in antiphospholipid syndrome?","2019","Hematology. American Society of Hematology. Education Program","knowhere_pdf_markdown","D:\科研\SH Science Group\综述文献打分\library\knowhere_batch\31808842__Sevim_E._2019_Hematology._American_Society_Is_there_a_role_for_immunosup\result\full.md","D:\科研\SH Science Group\综述文献打分\server_markdown_upload_ready\markdown_docs\pmid_31808842.md","34447"
"32085759","high","10.1186/s13075-020-2131-4","“Non-criteria” antiphospholipid antibodies add value to antiphospholipid syndrome diagnoses in a large Chinese cohort","2020","Arthritis research & therapy","xml_markdown","D:\科研\SH Science Group\综述文献打分\library\processed\32085759__Liu_T._2020_Arthritis_research_therapy_Non-criteria_antiphospholipid_ant\article.md","D:\科研\SH Science Group\综述文献打分\server_markdown_upload_ready\markdown_docs\pmid_32085759.md","33066"
"32346486","high","10.1186/s40814-020-00594-1","A single-arm feasibility cohort study of rivaroxaban in antiphospholipid syndrome","2020","Pilot and feasibility studies","xml_markdown","D:\科研\SH Science Group\综述文献打分\library\processed\32346486__Legault_K._2020_Pilot_and_feasibility_studies_A_single-arm_feasibility_c\article.md","D:\科研\SH Science Group\综述文献打分\server_markdown_upload_ready\markdown_docs\pmid_32346486.md","26493"
"32491304","high","10.20452/pamw.15415","[Calcaterra I.] (2020) Polish archives of internal… — Cardiovascular disease and antiphospholipid syndrome: how to predict and how to treat?","2020","Polish archives of internal medicine","knowhere_pdf_markdown","D:\科研\SH Science Group\综述文献打分\library\knowhere_batch\32491304__Calcaterra_I._2020_Polish_archives_of_internal_Cardiovascular_disease_an\result\full.md","D:\科研\SH Science Group\综述文献打分\server_markdown_upload_ready\markdown_docs\pmid_32491304.md","40565"
"32518155","high","10.1074/jbc.ra120.013939","[Ruben E.] (2020) The Journal of biological… — The J-elongated conformation of β2-glycoprotein I predominates in solution: implications for our understanding of antiphospholipid syndrome.","2020","The Journal of biological chemistry","knowhere_pdf_markdown","D:\科研\SH Science Group\综述文献打分\library\knowhere_retry_five\32518155__Ruben_E._2020_The_Journal_of_biological_The_J-elongated_conformation_of_\result\full.md","D:\科研\SH Science Group\综述文献打分\server_markdown_upload_ready\markdown_docs\pmid_32518155.md","47698"
"32696448","high","10.1055/s-0040-1714653","[Chayoua W.] (2020) Thrombosis and haemostasis — Is There an Additional Value in Detecting Anticardiolipin and Anti-β2 glycoprotein I IgA Antibodies in the Antiphospholipid Syndrome?","2020","Thrombosis and haemostasis","knowhere_pdf_markdown","D:\科研\SH Science Group\综述文献打分\library\knowhere_batch\32696448__Chayoua_W._2020_Thrombosis_and_haemostasis_Is_There_an_Additional_Value_\result\full.md","D:\科研\SH Science Group\综述文献打分\server_markdown_upload_ready\markdown_docs\pmid_32696448.md","12134"
"32735839","high","10.1016/s2352-3026(20)30116-2","[Cohen H.] (2020) The Lancet. Haematology — Management of anticoagulant-refractory thrombotic antiphospholipid syndrome.","2020","The Lancet. Haematology","knowhere_pdf_markdown","D:\科研\SH Science Group\综述文献打分\library\knowhere_batch\32735839__Cohen_H._2020_The_Lancet._Haematology_Management_of_anticoagulant-refrac\result\full.md","D:\科研\SH Science Group\综述文献打分\server_markdown_upload_ready\markdown_docs\pmid_32735839.md","41635"
"33100166","high","10.1177/0961203320950461","16th International Congress on Antiphospholipid Antibodies Task Force Report on Antiphospholipid Syndrome Treatment Trends","2020","Lupus","xml_markdown","D:\科研\SH Science Group\综述文献打分\library\processed\33100166__Cohen_H._2020_Lupus_16th_International_Congress_on_Antiphospholipid_Anti\article.md","D:\科研\SH Science Group\综述文献打分\server_markdown_upload_ready\markdown_docs\pmid_33100166.md","71132"
"33124581","high","10.55563/clinexprheumatol/cc5taf","[Agmon-Levin N.] (2020) Clinical and experimental… — Rituximab for refractory manifestations of the antiphospholipid syndrome: a multicentre Israeli experience.","2020","Clinical and experimental rheumatology","knowhere_pdf_markdown","D:\科研\SH Science Group\综述文献打分\library\knowhere_batch\33124581__Agmon-Levin_N._2020_Clinical_and_experimental_Rituximab_for_refractory_m\result\full.md","D:\科研\SH Science Group\综述文献打分\server_markdown_upload_ready\markdown_docs\pmid_33124581.md","29097"
"33421291","high","10.1111/jth.15241","Anti‐β2‐glycoprotein I and anti‐prothrombin antibodies cause lupus anticoagulant through different mechanisms of action","2021","Journal of thrombosis and haemostasis : JTH","xml_markdown","D:\科研\SH Science Group\综述文献打分\library\processed\33421291__Noordermeer_T._2021_Journal_of_thrombosis_and_Anti-β2-glycoprotein_I_and\article.md","D:\科研\SH Science Group\综述文献打分\server_markdown_upload_ready\markdown_docs\pmid_33421291.md","38858"
"33598471","high","10.3389/fmed.2021.621590","Incidence of a First Thrombo-Embolic Event in Patients With Systemic Lupus Erythematosus and Anti-phosphatidylserine/prothrombin Antibodies: A Prospective Study","2021","Frontiers in medicine","xml_markdown","D:\科研\SH Science Group\综述文献打分\library\processed\33598471__Sciascia_S._2021_Frontiers_in_medicine_Incidence_of_a_First_Thrombo-Embo\article.md","D:\科研\SH Science Group\综述文献打分\server_markdown_upload_ready\markdown_docs\pmid_33598471.md","18916"
"33633190","high","10.1038/s41598-021-84021-2","Specific domain V reduction of beta-2-glycoprotein I induces protein flexibility and alters pathogenic antibody binding","2021","Scientific reports","xml_markdown","D:\科研\SH Science Group\综述文献打分\library\processed\33633190__Buchholz_I._2021_Scientific_reports_Specific_domain_V_reduction_of_beta-\article.md","D:\科研\SH Science Group\综述文献打分\server_markdown_upload_ready\markdown_docs\pmid_33633190.md","38083"
"33641242","high","10.1002/pro.4054","Cardiolipin interacts with beta‐2‐glycoprotein I and forms an open conformation–Mechanisms analyzed using hydrogen/deuterium exchange","2021","Protein science : a publication of the Protein Society","xml_markdown","D:\科研\SH Science Group\综述文献打分\library\processed\33641242__Tang_K._2021_Protein_science_a_Cardiolipin_interacts_with_beta-2-glycopr\article.md","D:\科研\SH Science Group\综述文献打分\server_markdown_upload_ready\markdown_docs\pmid_33641242.md","38026"
"34003972","high","10.1093/rheumatology/keab452","Cognitive dysfunction and associated neuroimaging biomarkers in antiphospholipid syndrome: a systematic review","2021","Rheumatology (Oxford, England)","xml_markdown","D:\科研\SH Science Group\综述文献打分\library\processed\34003972__Donnellan_C._2021_Rheumatology_Oxford_England_Cognitive_dysfunction_and_\article.md","D:\科研\SH Science Group\综述文献打分\server_markdown_upload_ready\markdown_docs\pmid_34003972.md","31141"
"34012984","high","10.3389/fcvm.2021.665741","Presence of Extra-Criteria Antiphospholipid Antibodies Is an Independent Risk Factor for Ischemic Stroke","2021","Frontiers in cardiovascular medicine","xml_markdown","D:\科研\SH Science Group\综述文献打分\library\processed\34012984__Naranjo_L._2021_Frontiers_in_cardiovascular_Presence_of_Extra-Criteria_A\article.md","D:\科研\SH Science Group\综述文献打分\server_markdown_upload_ready\markdown_docs\pmid_34012984.md","38274"
"34107171","high","10.1111/jth.15417","Effect of heparanase inhibitor on tissue factor overexpression in platelets and endothelial cells induced by anti‐β2‐GPI antibodies","2021","Journal of thrombosis and haemostasis : JTH","xml_markdown","D:\科研\SH Science Group\综述文献打分\library\processed\34107171__Capozzi_A._2021_Journal_of_thrombosis_and_Effect_of_heparanase_inhibitor\article.md","D:\科研\SH Science Group\综述文献打分\server_markdown_upload_ready\markdown_docs\pmid_34107171.md","45359"
"34192956","high","10.1177/09612033211021154","[Sayar Z.] (2021) Lupus — Coexistent antiphospholipid syndrome and myeloproliferative neoplasm.","2021","Lupus","knowhere_pdf_markdown","D:\科研\SH Science Group\综述文献打分\library\knowhere_batch\34192956__Sayar_Z._2021_Lupus_Coexistent_antiphospholipid_syndrome_and_myeloprolif\result\full.md","D:\科研\SH Science Group\综述文献打分\server_markdown_upload_ready\markdown_docs\pmid_34192956.md","25901"
"34197876","high","10.1016/j.jbc.2021.100890","An allosteric redox switch in domain V of β 2 -glycoprotein I controls membrane binding and anti-domain I autoantibody recognition","2021","The Journal of biological chemistry","xml_markdown","D:\科研\SH Science Group\综述文献打分\library\processed\34197876__Kumar_S._2021_The_Journal_of_biological_An_allosteric_redox_switch_in_do\article.md","D:\科研\SH Science Group\综述文献打分\server_markdown_upload_ready\markdown_docs\pmid_34197876.md","50777"
"34205545","high","10.3390/jcm10122728","Hypercoagulability Evaluation in Antiphospholipid Syndrome without Anticoagulation Treatment with Thrombin Generation Assay: A Preliminary Study","2021","Journal of clinical medicine","xml_markdown","D:\科研\SH Science Group\综述文献打分\library\processed\34205545__Billoir_P._2021_Journal_of_clinical_medicine_Hypercoagulability_Evaluati\article.md","D:\科研\SH Science Group\综述文献打分\server_markdown_upload_ready\markdown_docs\pmid_34205545.md","14092"
"34208130","high","10.3390/biomedicines9060671","Low Preconception Complement Levels Are Associated with Adverse Pregnancy Outcomes in a Multicenter Study of 260 Pregnancies in 197 Women with Antiphospholipid Syndrome or Carriers of Antiphospholipid Antibodies","2021","Biomedicines","xml_markdown","D:\科研\SH Science Group\综述文献打分\library\processed\34208130__Nalli_C._2021_Biomedicines_Low_Preconception_Complement_Levels_Are_Assoc\article.md","D:\科研\SH Science Group\综述文献打分\server_markdown_upload_ready\markdown_docs\pmid_34208130.md","22567"
"34245429","high","10.1007/s12026-021-09208-1","Cerebrovascular events in patients with isolated anti-phosphatidyl-serine/prothrombin antibodies","2021","Immunologic research","xml_markdown","D:\科研\SH Science Group\综述文献打分\library\processed\34245429__Radin_M._2021_Immunologic_research_Cerebrovascular_events_in_patients_wi\article.md","D:\科研\SH Science Group\综述文献打分\server_markdown_upload_ready\markdown_docs\pmid_34245429.md","20860"
"34261151","high","10.1055/s-0041-1730357","[Szabó G.] (2021) Seminars in thrombosis and… — Laboratory Approaches to Test the Function of Antiphospholipid Antibodies.","2021","Seminars in thrombosis and hemostasis","knowhere_pdf_markdown","D:\科研\SH Science Group\综述文献打分\library\knowhere_batch\34261151__Szabó_G._2021_Seminars_in_thrombosis_and_Laboratory_Approaches_to_Test_t\result\full.md","D:\科研\SH Science Group\综述文献打分\server_markdown_upload_ready\markdown_docs\pmid_34261151.md","7956"
"34414220","high","10.3389/fcvm.2021.715878","Use of Direct Oral Anticoagulants in Patients With Antiphospholipid Syndrome: A Systematic Review and Comparison of the International Guidelines","2021","Frontiers in cardiovascular medicine","xml_markdown","D:\科研\SH Science Group\综述文献打分\library\processed\34414220__Pastori_D._2021_Frontiers_in_cardiovascular_Use_of_Direct_Oral_Anticoagu\article.md","D:\科研\SH Science Group\综述文献打分\server_markdown_upload_ready\markdown_docs\pmid_34414220.md","22440"
"34440105","high","10.3390/biomedicines9080901","The Predictive Value of the aCL and Anti-β2GPI at the Time of Acute Deep Vein Thrombosis—A Two-Year Prospective Study","2021","Biomedicines","xml_markdown","D:\科研\SH Science Group\综述文献打分\library\processed\34440105__Perdan-Pirkmajer_K._2021_Biomedicines_The_Predictive_Value_of_the_aCL_an\article.md","D:\科研\SH Science Group\综述文献打分\server_markdown_upload_ready\markdown_docs\pmid_34440105.md","25909"
"34662890","high","10.1182/bloodadvances.2021005808","Apixaban compared with warfarin to prevent thrombosis in thrombotic antiphospholipid syndrome: a randomized trial","2022","Blood advances","xml_markdown","D:\科研\SH Science Group\综述文献打分\library\processed\34662890__Woller_C._2022_Blood_advances_Apixaban_compared_with_warfarin_to_prevent\article.md","D:\科研\SH Science Group\综述文献打分\server_markdown_upload_ready\markdown_docs\pmid_34662890.md","26620"
"34985614","high","10.1007/s11926-021-01038-2","Epidemiology of Antiphospholipid Syndrome in the General Population","2022","Current rheumatology reports","xml_markdown","D:\科研\SH Science Group\综述文献打分\library\processed\34985614__Dabit_Y._2022_Current_rheumatology_reports_Epidemiology_of_Antiphospholi\article.md","D:\科研\SH Science Group\综述文献打分\server_markdown_upload_ready\markdown_docs\pmid_34985614.md","26652"
"35642868","high","10.1093/rheumatology/keac327","Anti-phosphatidylserine/prothrombin antibodies and thrombosis associate positively with HLA-DRB1*13 and negatively with HLA-DRB1*03 in SLE","2023","Rheumatology (Oxford, England)","xml_markdown","D:\科研\SH Science Group\综述文献打分\library\processed\35642868__Elbagir_S._2023_Rheumatology_Oxford_England_Anti-phosphatidylserine_prot\article.md","D:\科研\SH Science Group\综述文献打分\server_markdown_upload_ready\markdown_docs\pmid_35642868.md","27472"
"36012233","high","10.3390/ijms23168973","Determination of Thrombogenicity Levels of Various Antiphospholipid Antibodies by a Modified Thrombin Generation Assay in Patients with Suspected Antiphospholipid Syndrome","2022","International journal of molecular sciences","xml_markdown","D:\科研\SH Science Group\综述文献打分\library\processed\36012233__Bradáčová_P._2022_International_journal_of_Determination_of_Thrombogenic\article.md","D:\科研\SH Science Group\综述文献打分\server_markdown_upload_ready\markdown_docs\pmid_36012233.md","35087"
"36013082","high","10.3390/jcm11164845","Thromboembolic Antiphospholipid Syndrome (APS): Efficacy and Safety of Different Anticoagulants-Results of the APSantiCO Registry","2022","Journal of clinical medicine","xml_markdown","D:\科研\SH Science Group\综述文献打分\library\processed\36013082__Schulz_A._2022_Journal_of_clinical_medicine_Thromboembolic_Antiphospholi\article.md","D:\科研\SH Science Group\综述文献打分\server_markdown_upload_ready\markdown_docs\pmid_36013082.md","34830"
"36074077","high","10.1177/09612033221122147","The use of fondaparinux and rituximab for recurrent thrombotic events in antiphospholipid syndrome","2022","Lupus","xml_markdown","D:\科研\SH Science Group\综述文献打分\library\processed\36074077__Sayar_Z._2022_Lupus_The_use_of_fondaparinux_and_rituximab_for_recurrent_\article.md","D:\科研\SH Science Group\综述文献打分\server_markdown_upload_ready\markdown_docs\pmid_36074077.md","15078"
"36842350","high","10.1016/j.jstrokecerebrovasdis.2023.107034","[Estévez M.] (2023) Journal of stroke and… — Extra-criteria antiphospholipid antibodies in patients with small vessel brain lesions and clinical manifestations associated with antiphospholipid syndrome.","2023","Journal of stroke and cerebrovascular diseases : the official journal of National Stroke Association","knowhere_pdf_markdown","D:\科研\SH Science Group\综述文献打分\library\knowhere_results\36842350__Estévez_M._2023_Journal_of_stroke_and_Extra-criteria_antiphospholipid_an\result\full.md","D:\科研\SH Science Group\综述文献打分\server_markdown_upload_ready\markdown_docs\pmid_36842350.md","27081"
"37275905","high","10.3389/fimmu.2023.1128245","High-throughput sequencing technology facilitates the discovery of novel biomarkers for antiphospholipid syndrome","2023","Frontiers in immunology","xml_markdown","D:\科研\SH Science Group\综述文献打分\library\processed\37275905__Liu_Q._2023_Frontiers_in_immunology_High-throughput_sequencing_technolog\article.md","D:\科研\SH Science Group\综述文献打分\server_markdown_upload_ready\markdown_docs\pmid_37275905.md","30064"
"37290588","high","10.1016/j.jtha.2023.05.024","[Noordermeer T.] (2023) Journal of thrombosis and… — Anti-β2-glycoprotein I and anti-phosphatidylserine/prothrombin antibodies interfere with cleavage of factor V(a) by activated protein C.","2023","Journal of thrombosis and haemostasis : JTH","knowhere_pdf_markdown","D:\科研\SH Science Group\综述文献打分\library\knowhere_batch\37290588__Noordermeer_T._2023_Journal_of_thrombosis_and_Anti-β2-glycoprotein_I_and\result\full.md","D:\科研\SH Science Group\综述文献打分\server_markdown_upload_ready\markdown_docs\pmid_37290588.md","42309"
"37737262","high","10.1172/jci.insight.172011","Ginger intake suppresses neutrophil extracellular trap formation in autoimmune mice and healthy humans","2023","JCI insight","xml_markdown","D:\科研\SH Science Group\综述文献打分\library\processed\37737262__Ali_A._2023_JCI_insight_Ginger_intake_suppresses_neutrophil_extracellula\article.md","D:\科研\SH Science Group\综述文献打分\server_markdown_upload_ready\markdown_docs\pmid_37737262.md","33763"
"37899090","high","10.1136/lupus-2023-001018","Therapy with direct oral anticoagulants for secondary prevention of thromboembolic events in the antiphospholipid syndrome: a systematic review and meta-analysis of randomised trials","2023","Lupus science & medicine","xml_markdown","D:\科研\SH Science Group\综述文献打分\library\processed\37899090__Adelhelm_H._2023_Lupus_science_medicine_Therapy_with_direct_oral_anticoa\article.md","D:\科研\SH Science Group\综述文献打分\server_markdown_upload_ready\markdown_docs\pmid_37899090.md","27956"
"37933818","high","10.1177/09612033231211820","16th International congress on antiphospholipid antibodies task force report on antiphospholipid syndrome laboratory diagnostics and trends","2023","Lupus","xml_markdown","D:\科研\SH Science Group\综述文献打分\library\processed\37933818__Atsumi_T._2023_Lupus_16th_International_congress_on_antiphospholipid_ant\article.md","D:\科研\SH Science Group\综述文献打分\server_markdown_upload_ready\markdown_docs\pmid_37933818.md","41475"
"38163323","high","10.1182/bloodadvances.2023011938","A thrombin-driven neural net diagnoses the antiphospholipid syndrome without the need for interruption of anticoagulation","2024","Blood advances","xml_markdown","D:\科研\SH Science Group\综述文献打分\library\processed\38163323__de_W._2024_Blood_advances_A_thrombin-driven_neural_net_diagnoses_the_ant\article.md","D:\科研\SH Science Group\综述文献打分\server_markdown_upload_ready\markdown_docs\pmid_38163323.md","37125"
"38320594","high","10.1093/rheumatology/kead575","New advances in genomics and epigenetics in antiphospholipid syndrome","2024","Rheumatology (Oxford, England)","xml_markdown","D:\科研\SH Science Group\综述文献打分\library\processed\38320594__López-Pedrera_C._2024_Rheumatology_Oxford_England_New_advances_in_genomi\article.md","D:\科研\SH Science Group\综述文献打分\server_markdown_upload_ready\markdown_docs\pmid_38320594.md","36544"
"38483257","high","10.1093/rheumatology/keae178","Can complement activation be the missing link in antiphospholipid syndrome?","2024","Rheumatology (Oxford, England)","xml_markdown","D:\科研\SH Science Group\综述文献打分\library\processed\38483257__Venturelli_V._2024_Rheumatology_Oxford_England_Can_complement_activation\article.md","D:\科研\SH Science Group\综述文献打分\server_markdown_upload_ready\markdown_docs\pmid_38483257.md","33270"
"38609158","high","10.1136/ard-2024-225664","Disentangling the riddle of systemic lupus erythematosus with antiphospholipid syndrome: blood transcriptome analysis reveals a less-pronounced IFN-signature and distinct molecular profiles in venous versus arterial events","2024","Annals of the rheumatic diseases","xml_markdown","D:\科研\SH Science Group\综述文献打分\library\processed\38609158__Nikolopoulos_D._2024_Annals_of_the_rheumatic_Disentangling_the_riddle_of\article.md","D:\科研\SH Science Group\综述文献打分\server_markdown_upload_ready\markdown_docs\pmid_38609158.md","44237"
"38639399","high","10.1002/advs.202309140","H3K4me3‐Mediated FOXJ2/SLAMF8 Axis Aggravates Thrombosis and Inflammation in β2GPI / Anti‐β2GPI‐Treated Monocytes","2024","Advanced science (Weinheim, Baden-Wurttemberg, Germany)","xml_markdown","D:\科研\SH Science Group\综述文献打分\library\processed\38639399__Tan_Y._2024_Advanced_science_Weinheim_H3K4me3-Mediated_FOXJ2_SLAMF8_Axis\article.md","D:\科研\SH Science Group\综述文献打分\server_markdown_upload_ready\markdown_docs\pmid_38639399.md","53571"
"38999233","high","10.3390/jcm13133667","Neurovascular Issues in Antiphospholipid Syndrome: Arterial Vasculopathy from Small to Large Vessels in a Neuroradiological Perspective","2024","Journal of clinical medicine","xml_markdown","D:\科研\SH Science Group\综述文献打分\library\processed\38999233__Zedde_M._2024_Journal_of_clinical_medicine_Neurovascular_Issues_in_Antip\article.md","D:\科研\SH Science Group\综述文献打分\server_markdown_upload_ready\markdown_docs\pmid_38999233.md","56874"
"39139554","high","10.1016/j.rpth.2024.102468","Rivaroxaban for stroke patients with antiphospholipid syndrome (RISAPS): protocol for a randomized controlled, phase IIb proof-of-principle trial","2024","Research and practice in thrombosis and haemostasis","xml_markdown","D:\科研\SH Science Group\综述文献打分\library\processed\39139554__Mittal_P._2024_Research_and_practice_in_Rivaroxaban_for_stroke_patients_\article.md","D:\科研\SH Science Group\综述文献打分\server_markdown_upload_ready\markdown_docs\pmid_39139554.md","29826"
"39463231","high","10.24976/discov.med.202436189.195","[Di P.] (2024) Discovery medicine — HERV-Derived Syncytin-1 and Syncytin-2 as Sources of Linear and Discontinuous Epitopes in Antiphospholipid Syndrome: A Pivotal Computational Study.","2024","Discovery medicine","knowhere_pdf_markdown","D:\科研\SH Science Group\综述文献打分\library\knowhere_batch\39463231__Di_P._2024_Discovery_medicine_HERV-Derived_Syncytin-1_and_Syncytin-2_as_\result\full.md","D:\科研\SH Science Group\综述文献打分\server_markdown_upload_ready\markdown_docs\pmid_39463231.md","86418"
"39742289","high","10.1155/mi/5568822","Inhibiting Tyrosine Kinase 2 Ameliorates Antiphospholipid Syndrome Nephropathy","2024","Mediators of inflammation","xml_markdown","D:\科研\SH Science Group\综述文献打分\library\processed\39742289__Tang_K._2024_Mediators_of_inflammation_Inhibiting_Tyrosine_Kinase_2_Amel\article.md","D:\科研\SH Science Group\综述文献打分\server_markdown_upload_ready\markdown_docs\pmid_39742289.md","19488"
"40406473","high","10.61622/rbgo/2025rbgo23","Prevalence of antiphospholipid syndrome among women with recurrent pregnancy loss: a cohort study","2025","Revista brasileira de ginecologia e obstetricia : revista da Federacao Brasileira das Sociedades de Ginecologia e Obstetricia","xml_markdown","D:\科研\SH Science Group\综述文献打分\library\processed\40406473__de_O._2025_Revista_brasileira_de_Prevalence_of_antiphospholipid_syndrome\article.md","D:\科研\SH Science Group\综述文献打分\server_markdown_upload_ready\markdown_docs\pmid_40406473.md","18165"
"40429322","high","10.3390/jcm14103326","Perspective on Renal Involvement in Antiphospholipid Syndrome: Implications for Diagnosis, Pathogenesis, and Treatment","2025","Journal of clinical medicine","xml_markdown","D:\科研\SH Science Group\综述文献打分\library\processed\40429322__Hoxha_A._2025_Journal_of_clinical_medicine_Perspective_on_Renal_Involvem\article.md","D:\科研\SH Science Group\综述文献打分\server_markdown_upload_ready\markdown_docs\pmid_40429322.md","38013"
"40755140","high","10.1002/art.43341","Prognostic Value of Lupus Anticoagulant and Anti–β2 Glycoprotein I Antibody in Adverse Pregnancy Outcomes","2025","Arthritis & rheumatology (Hoboken, N.J.)","xml_markdown","D:\科研\SH Science Group\综述文献打分\library\processed\40755140__Nonobe_M._2025_Arthritis_rheumatology_Prognostic_Value_of_Lupus_Anticoag\article.md","D:\科研\SH Science Group\综述文献打分\server_markdown_upload_ready\markdown_docs\pmid_40755140.md","34094"
"40766279","high","10.1016/j.bvth.2024.100041","Understanding the structure of β 2 -glycoprotein I: new insights and future paths for antiphospholipid syndrome","2024","Blood vessels, thrombosis & hemostasis","xml_markdown","D:\科研\SH Science Group\综述文献打分\library\processed\40766279__Kumar_S._2024_Blood_vessels_thrombosis_Understanding_the_structure_of_β2\article.md","D:\科研\SH Science Group\综述文献打分\server_markdown_upload_ready\markdown_docs\pmid_40766279.md","36156"
"40821829","high","10.3389/fimmu.2025.1636171","Criteria and non-criteria anti-phospholipid antibodies in the different clinical forms of antiphospholipid syndrome","2025","Frontiers in immunology","xml_markdown","D:\科研\SH Science Group\综述文献打分\library\processed\40821829__Cabrera-Marante_O._2025_Frontiers_in_immunology_Criteria_and_non-criteri\article.md","D:\科研\SH Science Group\综述文献打分\server_markdown_upload_ready\markdown_docs\pmid_40821829.md","39019"
"40878676","high","10.1161/circulationaha.125.073552","[Shi H.] (2025) Circulation — Microvascular Endothelial Cells License APS Vasculopathy Through YAP1- and CCN2-Mediated Signaling.","2025","Circulation","knowhere_pdf_markdown","D:\科研\SH Science Group\综述文献打分\library\knowhere_batch\40878676__Shi_H._2025_Circulation_Microvascular_Endothelial_Cells_License_APS_Vasc\result\full.md","D:\科研\SH Science Group\综述文献打分\server_markdown_upload_ready\markdown_docs\pmid_40878676.md","44178"
"40879863","high","10.1007/s11239-025-03158-3","Long-term efficacy and safety of direct oral anticoagulants in venous thrombotic antiphospholipid syndrome patients not candidate to warfarin: A pilot prospective case series study","2025","Journal of thrombosis and thrombolysis","xml_markdown","D:\科研\SH Science Group\综述文献打分\library\processed\40879863__Pastori_D._2025_Journal_of_thrombosis_and_Long-term_efficacy_and_safety_\article.md","D:\科研\SH Science Group\综述文献打分\server_markdown_upload_ready\markdown_docs\pmid_40879863.md","23488"
"40926884","high","10.3389/fphys.2025.1617796","Machine learning-based prediction of adverse pregnancy outcomes in antiphospholipid syndrome using pregnancy antibody levels","2025","Frontiers in physiology","xml_markdown","D:\科研\SH Science Group\综述文献打分\library\processed\40926884__Liu_W._2025_Frontiers_in_physiology_Machine_learning-based_prediction_of\article.md","D:\科研\SH Science Group\综述文献打分\server_markdown_upload_ready\markdown_docs\pmid_40926884.md","39425"
"41107979","high","10.1186/s13293-025-00766-9","βeta-2 glycoprotein I is a novel regulator of Apolipoprotein E containing HDL particles in females","2025","Biology of sex differences","xml_markdown","D:\科研\SH Science Group\综述文献打分\library\processed\41107979__Wang_Y._2025_Biology_of_sex_differences_βeta-2_glycoprotein_I_is_a_novel\article.md","D:\科研\SH Science Group\综述文献打分\server_markdown_upload_ready\markdown_docs\pmid_41107979.md","44320"
"41181143","high","10.3389/fimmu.2025.1676578","A proteomic map of thromboinflammatory signatures in antiphospholipid syndrome: results from antiphospholipid syndrome alliance for clinical trials and international networking (APS ACTION) registry","2025","Frontiers in immunology","xml_markdown","D:\科研\SH Science Group\综述文献打分\library\processed\41181143__Pine_A._2025_Frontiers_in_immunology_A_proteomic_map_of_thromboinflammat\article.md","D:\科研\SH Science Group\综述文献打分\server_markdown_upload_ready\markdown_docs\pmid_41181143.md","46585"
"41420536","high","10.1093/cei/uxaf085","The role of interferon-mediated suppression of monocyte immunothrombosis in infection susceptibility in systemic lupus erythematosus","2026","Clinical and experimental immunology","xml_markdown","D:\科研\SH Science Group\综述文献打分\library\processed\41420536__Murphy_K._2026_Clinical_and_experimental_The_role_of_interferon-mediated\article.md","D:\科研\SH Science Group\综述文献打分\server_markdown_upload_ready\markdown_docs\pmid_41420536.md","37785"
"41475839","high","10.1136/rmdopen-2025-006406","Heterogeneity of antiphospholipid antibody profiles in a clinical cohort and association with distinct clinical features","2025","RMD open","xml_markdown","D:\科研\SH Science Group\综述文献打分\library\processed\41475839__Shen_Z._2025_RMD_open_Heterogeneity_of_antiphospholipid_antibody_profile\article.md","D:\科研\SH Science Group\综述文献打分\server_markdown_upload_ready\markdown_docs\pmid_41475839.md","37441"
"41596541","high","10.3390/ijms27020895","Pulmonary Embolism in Antiphospholipid Syndrome (APS)—Where Are We and Where Are We Going?","2026","International journal of molecular sciences","xml_markdown","D:\科研\SH Science Group\综述文献打分\library\processed\41596541__Lucki_M._2026_International_journal_of_Pulmonary_Embolism_in_Antiphospho\article.md","D:\科研\SH Science Group\综述文献打分\server_markdown_upload_ready\markdown_docs\pmid_41596541.md","33446"
"41630553","high","10.1515/cclm-2025-1565","[Hoxha A.] (2026) Clinical chemistry and… — Antiphosphatidylserine/prothrombin antibodies define a high-risk antiphospholipid syndrome profile associated with organ damage.","2026","Clinical chemistry and laboratory medicine","knowhere_pdf_markdown","D:\科研\SH Science Group\综述文献打分\library\knowhere_batch\41630553__Hoxha_A._2026_Clinical_chemistry_and_Antiphosphatidylserine_prothrombin_\result\full.md","D:\科研\SH Science Group\综述文献打分\server_markdown_upload_ready\markdown_docs\pmid_41630553.md","38351"
"41869346","high","10.3389/fimmu.2026.1761613","Genetic determinants of arterial thrombosis in primary antiphospholipid syndrome: a systematic review","2026","Frontiers in immunology","xml_markdown","D:\科研\SH Science Group\综述文献打分\library\processed\41869346__Gavris_C._2026_Frontiers_in_immunology_Genetic_determinants_of_arterial_\article.md","D:\科研\SH Science Group\综述文献打分\server_markdown_upload_ready\markdown_docs\pmid_41869346.md","44703"
"11805148","medium","10.1084/jem.200116116","Complement C3 Activation Is Required for Antiphospholipid Antibody-induced Fetal Loss","2002","The Journal of experimental medicine","xml_markdown","D:\科研\SH Science Group\综述文献打分\library\processed\11805148__Holers_V._2002_The_Journal_of_experimental_Complement_C3_activation_is_r\article.md","D:\科研\SH Science Group\综述文献打分\server_markdown_upload_ready\markdown_docs\pmid_11805148.md","37768"
"11830421","medium","10.1136/ard.61.3.195","[Espinosa G.] (2002) Annals of the rheumatic… — The lung in the antiphospholipid syndrome.","2002","Annals of the rheumatic diseases","knowhere_pdf_markdown","D:\科研\SH Science Group\综述文献打分\library\knowhere_batch\11830421__Espinosa_G._2002_Annals_of_the_rheumatic_The_lung_in_the_antiphospholipi\result\full.md","D:\科研\SH Science Group\综述文献打分\server_markdown_upload_ready\markdown_docs\pmid_11830421.md","18824"
"16449315","medium","10.1136/ard.2005.045237","[de B.] (2006) Annals of the rheumatic… — Annexin A5 polymorphism (-1C-->T) and the presence of anti-annexin A5 antibodies in the antiphospholipid syndrome.","2006","Annals of the rheumatic diseases","knowhere_pdf_markdown","D:\科研\SH Science Group\综述文献打分\library\knowhere_retry_five\16449315__de_B._2006_Annals_of_the_rheumatic_Annexin_A5_polymorphism_-1C--_T_and_t\result\full.md","D:\科研\SH Science Group\综述文献打分\server_markdown_upload_ready\markdown_docs\pmid_16449315.md","28572"
"16472380","medium","10.1186/1472-6750-6-8","A novel expression system of domain I of human beta2 glycoprotein I in Escherichia coli","2006","BMC biotechnology","xml_markdown","D:\科研\SH Science Group\综述文献打分\library\processed\16472380__Ioannou_Y._2006_BMC_biotechnology_A_novel_expression_system_of_domain_I_\article.md","D:\科研\SH Science Group\综述文献打分\server_markdown_upload_ready\markdown_docs\pmid_16472380.md","31430"
"21179511","medium","10.1371/journal.pone.0015345","A Novel Dimeric Inhibitor Targeting Beta2GPI in Beta2GPI/Antibody Complexes Implicated in Antiphospholipid Syndrome","2010","PloS one","xml_markdown","D:\科研\SH Science Group\综述文献打分\library\processed\21179511__Kolyada_A._2010_PloS_one_A_novel_dimeric_inhibitor_targeting_Beta2GPI_in\article.md","D:\科研\SH Science Group\综述文献打分\server_markdown_upload_ready\markdown_docs\pmid_21179511.md","40336"
"21777436","medium","10.1186/ar3421","Single-step autoantibody profiling in antiphospholipid syndrome using a multi-line dot assay","2011","Arthritis research & therapy","xml_markdown","D:\科研\SH Science Group\综述文献打分\library\processed\21777436__Egerer_K._2011_Arthritis_research_therapy_Single-step_autoantibody_profi\article.md","D:\科研\SH Science Group\综述文献打分\server_markdown_upload_ready\markdown_docs\pmid_21777436.md","31878"
"22161465","medium","10.1055/s-0031-1293206","[Ernest M.] (2011) Seminars in reproductive… — Obstetric antiphospholipid syndrome: an update on pathophysiology and management.","2011","Seminars in reproductive medicine","knowhere_pdf_markdown","D:\科研\SH Science Group\综述文献打分\library\knowhere_results\22161465__Ernest_M._2011_Seminars_in_reproductive_Obstetric_antiphospholipid_syndr\result\full.md","D:\科研\SH Science Group\综述文献打分\server_markdown_upload_ready\markdown_docs\pmid_22161465.md","4882"
"24741580","medium","10.1155/2014/239398","Revisiting the Molecular Mechanism of Neurological Manifestations in Antiphospholipid Syndrome: Beyond Vascular Damage","2014","Journal of immunology research","xml_markdown","D:\科研\SH Science Group\综述文献打分\library\processed\24741580__Carecchio_M._2014_Journal_of_immunology_research_Revisiting_the_molecula\article.md","D:\科研\SH Science Group\综述文献打分\server_markdown_upload_ready\markdown_docs\pmid_24741580.md","28510"
"24982803","medium","10.1155/2014/868652","CD8+DR+ T-Cells and C3 Complement Serum Concentration as Potential Biomarkers in Thrombotic Antiphospholipid Syndrome","2014","Autoimmune diseases","xml_markdown","D:\科研\SH Science Group\综述文献打分\library\processed\24982803__Sarmiento_E._2014_Autoimmune_diseases_CD8_DR_T-Cells_and_C3_Complement_S\article.md","D:\科研\SH Science Group\综述文献打分\server_markdown_upload_ready\markdown_docs\pmid_24982803.md","25210"
"25166960","medium","10.1186/ar4549","Antiphospholipid syndrome in 2014: more clinical manifestations, novel pathogenic players and emerging biomarkers","2014","Arthritis research & therapy","xml_markdown","D:\科研\SH Science Group\综述文献打分\library\processed\25166960__Meroni_P._2014_Arthritis_research_therapy_Antiphospholipid_syndrome_in_2\article.md","D:\科研\SH Science Group\综述文献打分\server_markdown_upload_ready\markdown_docs\pmid_25166960.md","35796"
"26000103","medium","10.1007/s13317-010-0004-6","[Espinosa G.] (2010) Auto- immunity highlights — Management of the antiphospholipid syndrome.","2010","Auto- immunity highlights","knowhere_pdf_markdown","D:\科研\SH Science Group\综述文献打分\library\knowhere_retry_five\26000103__Espinosa_G._2010_Auto-_immunity_highlights_Management_of_the_antiphospho\result\full.md","D:\科研\SH Science Group\综述文献打分\server_markdown_upload_ready\markdown_docs\pmid_26000103.md","30838"
"26078985","medium","10.1155/2015/975704","Anti-Phosphatidylserine/Prothrombin Antibodies Are Associated with Adverse Pregnancy Outcomes","2015","Journal of immunology research","xml_markdown","D:\科研\SH Science Group\综述文献打分\library\processed\26078985__Žigon_P._2015_Journal_of_immunology_research_Anti-Phosphatidylserine_Pro\article.md","D:\科研\SH Science Group\综述文献打分\server_markdown_upload_ready\markdown_docs\pmid_26078985.md","25501"
"26185769","medium","10.1155/2015/638129","The Pathogenicity of Anti- β 2GP1-IgG Autoantibodies Depends on Fc Glycosylation","2015","Journal of immunology research","xml_markdown","D:\科研\SH Science Group\综述文献打分\library\processed\26185769__Fickentscher_C._2015_Journal_of_immunology_research_The_Pathogenicity_of\article.md","D:\科研\SH Science Group\综述文献打分\server_markdown_upload_ready\markdown_docs\pmid_26185769.md","38200"
"27158525","medium","10.1136/lupus-2015-000134","Placental histology and neutrophil extracellular traps in lupus and pre-eclampsia pregnancies","2016","Lupus science & medicine","xml_markdown","D:\科研\SH Science Group\综述文献打分\library\processed\27158525__Marder_W._2016_Lupus_science_medicine_Placental_histology_and_neutrophil\article.md","D:\科研\SH Science Group\综述文献打分\server_markdown_upload_ready\markdown_docs\pmid_27158525.md","33084"
"27457513","medium","10.1136/annrheumdis-2016-209770","EULAR recommendations for women's health and the management of family planning, assisted reproduction, pregnancy and menopause in patients with systemic lupus erythematosus and/or antiphospholipid syndrome","2016","Annals of the rheumatic diseases","xml_markdown","D:\科研\SH Science Group\综述文献打分\library\processed\27457513__Andreoli_L._2016_Annals_of_the_rheumatic_EULAR_recommendations_for_women\article.md","D:\科研\SH Science Group\综述文献打分\server_markdown_upload_ready\markdown_docs\pmid_27457513.md","29170"
"27502756","medium","10.1038/srep31375","‘Atherothrombosis-associated microRNAs in Antiphospholipid syndrome and Systemic Lupus Erythematosus patients’","2016","Scientific reports","xml_markdown","D:\科研\SH Science Group\综述文献打分\library\processed\27502756__Pérez-Sánchez_C._2016_Scientific_reports_Atherothrombosis-associated_mic\article.md","D:\科研\SH Science Group\综述文献打分\server_markdown_upload_ready\markdown_docs\pmid_27502756.md","53694"
"27652601","medium","10.1055/s-0036-1592336","[Schreiber K.] (2016) Seminars in thrombosis and… — Pregnancy and Antiphospholipid Syndrome.","2016","Seminars in thrombosis and hemostasis","knowhere_pdf_markdown","D:\科研\SH Science Group\综述文献打分\library\knowhere_batch\27652601__Schreiber_K._2016_Seminars_in_thrombosis_and_Pregnancy_and_Antiphospholi\result\full.md","D:\科研\SH Science Group\综述文献打分\server_markdown_upload_ready\markdown_docs\pmid_27652601.md","7836"
"27725921","medium","10.7759/cureus.765","Recommended Therapeutic INR Range for Patients with Antiphospholipid Syndrome on Warfarin Anticoagulation: Is Moderate-Intensity (INR 2.0 - 3.0) or High-Intensity (INR 3.1 - 4.0) Better for Reducing Risk of Recurrent Thromboembolic Events?","2016","Cureus","xml_markdown","D:\科研\SH Science Group\综述文献打分\library\processed\27725921__Kim_E._2016_Cureus_Recommended_Therapeutic_INR_Range_for_Patients_with_A\article.md","D:\科研\SH Science Group\综述文献打分\server_markdown_upload_ready\markdown_docs\pmid_27725921.md","23419"
"28129662","medium","10.1055/s-0036-1597286","[Sacharidou A.] (2017) Seminars in thrombosis and… — New Insights in the Pathophysiology of Antiphospholipid Syndrome.","2017","Seminars in thrombosis and hemostasis","knowhere_pdf_markdown","D:\科研\SH Science Group\综述文献打分\library\knowhere_batch\28129662__Sacharidou_A._2017_Seminars_in_thrombosis_and_New_Insights_in_the_Pathop\result\full.md","D:\科研\SH Science Group\综述文献打分\server_markdown_upload_ready\markdown_docs\pmid_28129662.md","7884"
"28278524","medium","10.1055/s-0036-1597282","[Chighizola C.] (2017) Seminars in thrombosis and… — Management of Thrombotic Antiphospholipid Syndrome.","2017","Seminars in thrombosis and hemostasis","knowhere_pdf_markdown","D:\科研\SH Science Group\综述文献打分\library\knowhere_batch\28278524__Chighizola_C._2017_Seminars_in_thrombosis_and_Management_of_Thrombotic_A\result\full.md","D:\科研\SH Science Group\综述文献打分\server_markdown_upload_ready\markdown_docs\pmid_28278524.md","39108"
"28727732","medium","10.1371/journal.pone.0178889","Incidence of thromboembolic events in asymptomatic carriers of IgA anti ß2 glycoprotein-I antibodies","2017","PloS one","xml_markdown","D:\科研\SH Science Group\综述文献打分\library\processed\28727732__Tortosa_C._2017_PloS_one_Incidence_of_thromboembolic_events_in_asymptoma\article.md","D:\科研\SH Science Group\综述文献打分\server_markdown_upload_ready\markdown_docs\pmid_28727732.md","31129"
"28883515","medium","10.1038/s41598-017-11315-9","Factor Xa Mediates Calcium Flux in Endothelial Cells and is Potentiated by Igg From Patients With Lupus and/or Antiphospholipid Syndrome","2017","Scientific reports","xml_markdown","D:\科研\SH Science Group\综述文献打分\library\processed\28883515__Artim-Esen_B._2017_Scientific_reports_Factor_Xa_Mediates_Calcium_Flux_in\article.md","D:\科研\SH Science Group\综述文献打分\server_markdown_upload_ready\markdown_docs\pmid_28883515.md","43485"
"28960143","medium","10.1080/21505594.2017.1385691","Antigenicity analysis of human parvovirus B19-VP1u protein in the induction of anti-phospholipid syndrome","2017","Virulence","xml_markdown","D:\科研\SH Science Group\综述文献打分\library\processed\28960143__Lin_C._2017_Virulence_Antigenicity_analysis_of_human_parvovirus_B19-VP1u\article.md","D:\科研\SH Science Group\综述文献打分\server_markdown_upload_ready\markdown_docs\pmid_28960143.md","31844"
"29552010","medium","10.3389/fimmu.2018.00336","Omega-3 Fatty Acid Supplementation Improves Endothelial Function in Primary Antiphospholipid Syndrome: A Small-Scale Randomized Double-Blind Placebo-Controlled Trial","2018","Frontiers in immunology","xml_markdown","D:\科研\SH Science Group\综述文献打分\library\processed\29552010__Felau_M._2018_Frontiers_in_immunology_Omega-3_Fatty_Acid_Supplementation\article.md","D:\科研\SH Science Group\综述文献打分\server_markdown_upload_ready\markdown_docs\pmid_29552010.md","30981"
"29904380","medium","10.3389/fimmu.2018.01181","Antiphospholipid Syndrome Nephropathy: From Pathogenesis to Treatment","2018","Frontiers in immunology","xml_markdown","D:\科研\SH Science Group\综述文献打分\library\processed\29904380__Tektonidou_G._2018_Frontiers_in_immunology_Antiphospholipid_Syndrome_Nep\article.md","D:\科研\SH Science Group\综述文献打分\server_markdown_upload_ready\markdown_docs\pmid_29904380.md","25092"
"30033000","medium","10.1016/j.jaut.2018.07.002","Gene expression profiling identifies distinct molecular signatures in thrombotic and obstetric antiphospholipid syndrome","2018","Journal of autoimmunity","xml_markdown","D:\科研\SH Science Group\综述文献打分\library\processed\30033000__Ripoll_M._2018_Journal_of_autoimmunity_Gene_expression_profiling_identif\article.md","D:\科研\SH Science Group\综述文献打分\server_markdown_upload_ready\markdown_docs\pmid_30033000.md","37050"
"30079071","medium","10.3389/fimmu.2018.01678","A Monocentric Cohort of Obstetric Seronegative Anti-Phospholipid Syndrome","2018","Frontiers in immunology","xml_markdown","D:\科研\SH Science Group\综述文献打分\library\processed\30079071__Truglia_S._2018_Frontiers_in_immunology_A_Monocentric_Cohort_of_Obstetri\article.md","D:\科研\SH Science Group\综述文献打分\server_markdown_upload_ready\markdown_docs\pmid_30079071.md","23117"
"30405613","medium","10.3389/fimmu.2018.02413","PEGylated Domain I of Beta-2-Glycoprotein I Inhibits the Binding, Coagulopathic, and Thrombogenic Properties of IgG From Patients With the Antiphospholipid Syndrome","2018","Frontiers in immunology","xml_markdown","D:\科研\SH Science Group\综述文献打分\library\processed\30405613__McDonnell_R._2018_Frontiers_in_immunology_PEGylated_Domain_I_of_Beta-2-G\article.md","D:\科研\SH Science Group\综述文献打分\server_markdown_upload_ready\markdown_docs\pmid_30405613.md","43407"
"30619248","medium","10.3389/fimmu.2018.02836","β2-Glycoprotein I-Reactive T Cells in Autoimmune Disease","2018","Frontiers in immunology","xml_markdown","D:\科研\SH Science Group\综述文献打分\library\processed\30619248__Rauch_J._2018_Frontiers_in_immunology_β2-Glycoprotein_I-Reactive_T_Cells\article.md","D:\科研\SH Science Group\综述文献打分\server_markdown_upload_ready\markdown_docs\pmid_30619248.md","46291"
"30870459","medium","10.1371/journal.pone.0212614","Hydroxychloroquine reverses the prothrombotic state in a mouse model of antiphospholipid syndrome: Role of reduced inflammation and endothelial dysfunction","2019","PloS one","xml_markdown","D:\科研\SH Science Group\综述文献打分\library\processed\30870459__Miranda_S._2019_PloS_one_Hydroxychloroquine_reverses_the_prothrombotic_s\article.md","D:\科研\SH Science Group\综述文献打分\server_markdown_upload_ready\markdown_docs\pmid_30870459.md","34170"
"30891041","medium","10.3389/fimmu.2019.00376","Reliability of Lupus Anticoagulant and Anti-phosphatidylserine/prothrombin Autoantibodies in Antiphospholipid Syndrome: A Multicenter Study","2019","Frontiers in immunology","xml_markdown","D:\科研\SH Science Group\综述文献打分\library\processed\30891041__Sciascia_S._2019_Frontiers_in_immunology_Reliability_of_Lupus_Anticoagul\article.md","D:\科研\SH Science Group\综述文献打分\server_markdown_upload_ready\markdown_docs\pmid_30891041.md","19297"
"30923524","medium","10.3389/fimmu.2019.00449","Complement in the Pathophysiology of the Antiphospholipid Syndrome","2019","Frontiers in immunology","xml_markdown","D:\科研\SH Science Group\综述文献打分\library\processed\30923524__Chaturvedi_S._2019_Frontiers_in_immunology_Complement_in_the_Pathophysio\article.md","D:\科研\SH Science Group\综述文献打分\server_markdown_upload_ready\markdown_docs\pmid_30923524.md","24515"
"30923525","medium","10.3389/fimmu.2019.00460","Alarmin HMGB1 and Soluble RAGE as New Tools to Evaluate the Risk Stratification in Patients With the Antiphospholipid Syndrome","2019","Frontiers in immunology","xml_markdown","D:\科研\SH Science Group\综述文献打分\library\processed\30923525__Manganelli_V._2019_Frontiers_in_immunology_Alarmin_HMGB1_and_Soluble_RAG\article.md","D:\科研\SH Science Group\综述文献打分\server_markdown_upload_ready\markdown_docs\pmid_30923525.md","39785"
"31031764","medium","10.3389/fimmu.2019.00773","Blood Cell-Bound C4d as a Marker of Complement Activation in Patients With the Antiphospholipid Syndrome","2019","Frontiers in immunology","xml_markdown","D:\科研\SH Science Group\综述文献打分\library\processed\31031764__Lonati_P._2019_Frontiers_in_immunology_Blood_Cell-Bound_C4d_as_a_Marker_\article.md","D:\科研\SH Science Group\综述文献打分\server_markdown_upload_ready\markdown_docs\pmid_31031764.md","29741"
"31080762","medium","10.1016/j.mex.2019.04.023","Methodology of generation and purification of anti-beta 2 glycoprotein I antibodies","2019","MethodsX","xml_markdown","D:\科研\SH Science Group\综述文献打分\library\processed\31080762__Alarcon_M._2019_MethodsX_Methodology_of_generation_and_purification_of_a\article.md","D:\科研\SH Science Group\综述文献打分\server_markdown_upload_ready\markdown_docs\pmid_31080762.md","15294"
"31126213","medium","10.1177/0961203319851571","Domain I of β2GPI is capable of blocking serum IgA antiphospholipid antibodies binding in vitro: an effect enhanced by PEGylation","2019","Lupus","xml_markdown","D:\科研\SH Science Group\综述文献打分\library\processed\31126213__Albay_A._2019_Lupus_Domain_I_of_β2GPI_is_capable_of_blocking_serum_IgA_a\article.md","D:\科研\SH Science Group\综述文献打分\server_markdown_upload_ready\markdown_docs\pmid_31126213.md","14644"
"31168416","medium","10.1136/rmdopen-2019-000924","Management of thrombotic and obstetric antiphospholipid syndrome: a systematic literature review informing the EULAR recommendations for the management of antiphospholipid syndrome in adults","2019","RMD open","xml_markdown","D:\科研\SH Science Group\综述文献打分\library\processed\31168416__Tektonidou_G._2019_RMD_open_Management_of_thrombotic_and_obstetric_antip\article.md","D:\科研\SH Science Group\综述文献打分\server_markdown_upload_ready\markdown_docs\pmid_31168416.md","42357"
"32001534","medium","10.3324/haematol.2019.221945","Seronegative antiphospholipid syndrome: refining the value of “non-criteria” antibodies for diagnosis and clinical management","2020","Haematologica","xml_markdown","D:\科研\SH Science Group\综述文献打分\library\processed\32001534__Pignatelli_P._2020_Haematologica_Seronegative_antiphospholipid_syndrome_\article.md","D:\科研\SH Science Group\综述文献打分\server_markdown_upload_ready\markdown_docs\pmid_32001534.md","40167"
"32030922","medium","10.3346/jkms.2020.35.e35","Epidemiology of Antiphospholipid Syndrome in Korea: a Nationwide Population-based Study","2020","Journal of Korean medical science","xml_markdown","D:\科研\SH Science Group\综述文献打分\library\processed\32030922__Hwang_J._2020_Journal_of_Korean_medical_Epidemiology_of_Antiphospholipid\article.md","D:\科研\SH Science Group\综述文献打分\server_markdown_upload_ready\markdown_docs\pmid_32030922.md","26131"
"32369873","medium","10.1111/jcmm.15321","Antiphospholipid antibody‐activated NETs exacerbate trophoblast and endothelial cell injury in obstetric antiphospholipid syndrome","2020","Journal of cellular and molecular medicine","xml_markdown","D:\科研\SH Science Group\综述文献打分\library\processed\32369873__Lu_Y._2020_Journal_of_cellular_and_Antiphospholipid_antibody-activated_N\article.md","D:\科研\SH Science Group\综述文献打分\server_markdown_upload_ready\markdown_docs\pmid_32369873.md","42813"
"32414170","medium","10.3390/cells9051211","Characterization of Plasma-Derived Small Extracellular Vesicles Indicates Ongoing Endothelial and Platelet Activation in Patients with Thrombotic Antiphospholipid Syndrome","2020","Cells","xml_markdown","D:\科研\SH Science Group\综述文献打分\library\processed\32414170__Štok_U._2020_Cells_Characterization_of_Plasma-Derived_Small_Extracellula\article.md","D:\科研\SH Science Group\综述文献打分\server_markdown_upload_ready\markdown_docs\pmid_32414170.md","33988"
"32458245","medium","10.1007/s10067-020-05183-4","[Rahman A.] (2020) Clinical rheumatology — Management of antiphospholipid syndrome.","2020","Clinical rheumatology","knowhere_pdf_markdown","D:\科研\SH Science Group\综述文献打分\library\knowhere_batch\32458245__Rahman_A._2020_Clinical_rheumatology_Management_of_antiphospholipid_synd\result\full.md","D:\科研\SH Science Group\综述文献打分\server_markdown_upload_ready\markdown_docs\pmid_32458245.md","12759"
"32549383","medium","10.3390/biomedicines8060162","17β-Estradiol Promotes Proinflammatory and Procoagulatory Phenotype of Innate Immune Cells in the Presence of Antiphospholipid Antibodies","2020","Biomedicines","xml_markdown","D:\科研\SH Science Group\综述文献打分\library\processed\32549383__Manukyan_G._2020_Biomedicines_17β-Estradiol_Promotes_Proinflammatory_and\article.md","D:\科研\SH Science Group\综述文献打分\server_markdown_upload_ready\markdown_docs\pmid_32549383.md","23438"
"33296221","medium","10.1177/1076029620974455","Anticardiolipin Positivity Is Highly Associated With Intrauterine Growth Restriction in Women With Antiphospholipid Syndrome","2020","Clinical and applied thrombosis/hemostasis : official journal of the International Academy of Clinical and Applied Thrombosis/Hemostasis","xml_markdown","D:\科研\SH Science Group\综述文献打分\library\processed\33296221__Xi_F._2020_Clinical_and_applied_Anticardiolipin_Positivity_Is_Highly_Ass\article.md","D:\科研\SH Science Group\综述文献打分\server_markdown_upload_ready\markdown_docs\pmid_33296221.md","23124"
"33348782","medium","10.3390/biomedicines8120622","Validation of the Particle-Based Multi-Analyte Technology for Detection of Anti-PhosphatidylSerine/Prothrombin Antibodies","2020","Biomedicines","xml_markdown","D:\科研\SH Science Group\综述文献打分\library\processed\33348782__Radin_M._2020_Biomedicines_Validation_of_the_Particle-Based_Multi-Analyt\article.md","D:\科研\SH Science Group\综述文献打分\server_markdown_upload_ready\markdown_docs\pmid_33348782.md","25936"
"33485122","medium","10.1016/j.thromres.2020.10.010","Thrombotic antiphospholipid syndrome: A practical guide to diagnosis and management","2020","Thrombosis research","xml_markdown","D:\科研\SH Science Group\综述文献打分\library\processed\33485122__Sayar_Z._2020_Thrombosis_research_Thrombotic_antiphospholipid_syndrome_A\article.md","D:\科研\SH Science Group\综述文献打分\server_markdown_upload_ready\markdown_docs\pmid_33485122.md","30177"
"33496084","medium","10.3346/jkms.2021.36.e24","Management of Women with Antiphospholipid Antibodies or Antiphospholipid Syndrome during Pregnancy","2021","Journal of Korean medical science","xml_markdown","D:\科研\SH Science Group\综述文献打分\library\processed\33496084__Lee_E._2021_Journal_of_Korean_medical_Management_of_Women_with_Antiphosp\article.md","D:\科研\SH Science Group\综述文献打分\server_markdown_upload_ready\markdown_docs\pmid_33496084.md","22646"
"33511497","medium","10.1007/s11926-020-00976-7","Pediatric Antiphospholipid Syndrome: from Pathogenesis to Clinical Management","2021","Current rheumatology reports","xml_markdown","D:\科研\SH Science Group\综述文献打分\library\processed\33511497__Rosina_S._2021_Current_rheumatology_reports_Pediatric_Antiphospholipid_S\article.md","D:\科研\SH Science Group\综述文献打分\server_markdown_upload_ready\markdown_docs\pmid_33511497.md","34471"
"33614687","medium","10.3389/fmed.2021.630660","Early Initiation of Anticoagulation Improves the Long-Term Prognosis in Patients With Antiphospholipid Syndrome Associated Portal Vein Thrombosis","2021","Frontiers in medicine","xml_markdown","D:\科研\SH Science Group\综述文献打分\library\processed\33614687__You_H._2021_Frontiers_in_medicine_Early_Initiation_of_Anticoagulation_Im\article.md","D:\科研\SH Science Group\综述文献打分\server_markdown_upload_ready\markdown_docs\pmid_33614687.md","26092"
"33733031","medium","10.1002/rth2.12472","DOAC‐Stop in lupus anticoagulant testing: Direct oral anticoagulant interference removed in most samples","2021","Research and practice in thrombosis and haemostasis","xml_markdown","D:\科研\SH Science Group\综述文献打分\library\processed\33733031__Baker_S._2021_Research_and_practice_in_DOAC-Stop_in_lupus_anticoagulant_\article.md","D:\科研\SH Science Group\综述文献打分\server_markdown_upload_ready\markdown_docs\pmid_33733031.md","45665"
"33919627","medium","10.3390/ijms22084200","VWF, Platelets and the Antiphospholipid Syndrome","2021","International journal of molecular sciences","xml_markdown","D:\科研\SH Science Group\综述文献打分\library\processed\33919627__Huang_S._2021_International_journal_of_VWF_Platelets_and_the_Antiphospho\article.md","D:\科研\SH Science Group\综述文献打分\server_markdown_upload_ready\markdown_docs\pmid_33919627.md","31145"
"33925261","medium","10.3390/ijms22094689","Extracellular Vesicles and Antiphospholipid Syndrome: State-of-the-Art and Future Challenges","2021","International journal of molecular sciences","xml_markdown","D:\科研\SH Science Group\综述文献打分\library\processed\33925261__Štok_U._2021_International_journal_of_Extracellular_Vesicles_and_Antipho\article.md","D:\科研\SH Science Group\综述文献打分\server_markdown_upload_ready\markdown_docs\pmid_33925261.md","43022"
"33957795","medium","10.1177/09612033211014570","Associations with thrombosis are stronger for antiphosphatidylserine/prothrombin antibodies than for the Sydney criteria antiphospholipid antibody tests in SLE","2021","Lupus","xml_markdown","D:\科研\SH Science Group\综述文献打分\library\processed\33957795__Elbagir_S._2021_Lupus_Associations_with_thrombosis_are_stronger_for_anti\article.md","D:\科研\SH Science Group\综述文献打分\server_markdown_upload_ready\markdown_docs\pmid_33957795.md","27856"
"34263105","medium","10.1002/rth2.12559","Monocyte activation and acquired autoimmune protein S deficiency promote disseminated intravascular coagulation in a patient with primary antiphospholipid syndrome","2021","Research and practice in thrombosis and haemostasis","xml_markdown","D:\科研\SH Science Group\综述文献打分\library\processed\34263105__Beckmann_L._2021_Research_and_practice_in_Monocyte_activation_and_acquir\article.md","D:\科研\SH Science Group\综述文献打分\server_markdown_upload_ready\markdown_docs\pmid_34263105.md","18092"
"34409894","medium","10.1080/07853890.2021.1962964","The digestive system involvement of antiphospholipid syndrome: pathophysiology, clinical characteristics, and treatment strategies","2021","Annals of medicine","xml_markdown","D:\科研\SH Science Group\综述文献打分\library\processed\34409894__Zhang_J._2021_Annals_of_medicine_The_digestive_system_involvement_of_ant\article.md","D:\科研\SH Science Group\综述文献打分\server_markdown_upload_ready\markdown_docs\pmid_34409894.md","27648"
"34540404","medium","10.7759/cureus.17002","Unraveling the Association Between Myocardial Infarction of Nonobstructive Coronary Arteries and Antiphospholipid Syndrome","2021","Cureus","xml_markdown","D:\科研\SH Science Group\综述文献打分\library\processed\34540404__Ramjas_V._2021_Cureus_Unraveling_the_Association_Between_Myocardial_Infa\article.md","D:\科研\SH Science Group\综述文献打分\server_markdown_upload_ready\markdown_docs\pmid_34540404.md","21289"
"34790198","medium","10.3389/fimmu.2021.754469","Anti-Phosphatidylserine/Prothrombin Antibodies at Two Points: Correlation With Lupus Anticoagulant and Thrombotic Risk","2021","Frontiers in immunology","xml_markdown","D:\科研\SH Science Group\综述文献打分\library\processed\34790198__Egri_N._2021_Frontiers_in_immunology_Anti-Phosphatidylserine_Prothrombin\article.md","D:\科研\SH Science Group\综述文献打分\server_markdown_upload_ready\markdown_docs\pmid_34790198.md","21623"
"34912234","medium","10.3389/fphys.2021.706743","Antiphospholipid Antibodies From Women With Pregnancy Morbidity and Vascular Thrombosis Induce Endothelial Mitochondrial Dysfunction, mTOR Activation, and Autophagy","2021","Frontiers in physiology","xml_markdown","D:\科研\SH Science Group\综述文献打分\library\processed\34912234__Rodríguez_M._2021_Frontiers_in_physiology_Antiphospholipid_Antibodies_Fr\article.md","D:\科研\SH Science Group\综述文献打分\server_markdown_upload_ready\markdown_docs\pmid_34912234.md","37404"
"34925061","medium","10.3389/fphys.2021.764702","Differences in Endothelial Activation and Dysfunction Induced by Antiphospholipid Antibodies Among Groups of Patients With Thrombotic, Refractory, and Non-refractory Antiphospholipid Syndrome","2021","Frontiers in physiology","xml_markdown","D:\科研\SH Science Group\综述文献打分\library\processed\34925061__Velásquez_M._2021_Frontiers_in_physiology_Differences_in_Endothelial_Act\article.md","D:\科研\SH Science Group\综述文献打分\server_markdown_upload_ready\markdown_docs\pmid_34925061.md","54877"
"35078523","medium","10.1186/s13075-022-02726-9","Non-criteria manifestations in primary antiphospholipid syndrome: a French multicenter retrospective cohort study","2022","Arthritis research & therapy","xml_markdown","D:\科研\SH Science Group\综述文献打分\library\processed\35078523__Guédon_F._2022_Arthritis_research_therapy_Non-criteria_manifestations_in\article.md","D:\科研\SH Science Group\综述文献打分\server_markdown_upload_ready\markdown_docs\pmid_35078523.md","18816"
"35165550","medium","10.7759/cureus.21090","Obstetric Antiphospholipid Syndrome From the Perspective of a Rheumatologist","2022","Cureus","xml_markdown","D:\科研\SH Science Group\综述文献打分\library\processed\35165550__Santacruz_J._2022_Cureus_Obstetric_Antiphospholipid_Syndrome_From_the_Pe\article.md","D:\科研\SH Science Group\综述文献打分\server_markdown_upload_ready\markdown_docs\pmid_35165550.md","21663"
"35317658","medium","10.1177/10760296221088576","The Pathophysiology of The Antiphospholipid Syndrome: A Perspective From The Blood Coagulation System","2022","Clinical and applied thrombosis/hemostasis : official journal of the International Academy of Clinical and Applied Thrombosis/Hemostasis","xml_markdown","D:\科研\SH Science Group\综述文献打分\library\processed\35317658__Arreola-Diaz_R._2022_Clinical_and_applied_The_Pathophysiology_of_The_Ant\article.md","D:\科研\SH Science Group\综述文献打分\server_markdown_upload_ready\markdown_docs\pmid_35317658.md","55570"
"35379020","medium","10.1177/10760296221081129","Detection of IgA Antiphospholipid Antibodies Does not Improve Thrombotic Antiphospholipid Syndrome Classification: A two-Center Study","2022","Clinical and applied thrombosis/hemostasis : official journal of the International Academy of Clinical and Applied Thrombosis/Hemostasis","xml_markdown","D:\科研\SH Science Group\综述文献打分\library\processed\35379020__Su_Z._2022_Clinical_and_applied_Detection_of_IgA_Antiphospholipid_Antibo\article.md","D:\科研\SH Science Group\综述文献打分\server_markdown_upload_ready\markdown_docs\pmid_35379020.md","24407"
"35479096","medium","10.3389/fimmu.2022.842923","PEGylated Domain I of Beta-2-Glycoprotein I Inhibits Thrombosis in a Chronic Mouse Model of the Antiphospholipid Syndrome","2022","Frontiers in immunology","xml_markdown","D:\科研\SH Science Group\综述文献打分\library\processed\35479096__Willis_R._2022_Frontiers_in_immunology_PEGylated_Domain_I_of_Beta-2-Glyc\article.md","D:\科研\SH Science Group\综述文献打分\server_markdown_upload_ready\markdown_docs\pmid_35479096.md","30465"
"35675831","medium","10.1055/s-0042-1744364","[Devreese J.] (2022) Seminars in thrombosis and… — Solid Phase Assays for Antiphospholipid Antibodies.","2022","Seminars in thrombosis and hemostasis","knowhere_pdf_markdown","D:\科研\SH Science Group\综述文献打分\library\knowhere_batch\35675831__Devreese_J._2022_Seminars_in_thrombosis_and_Solid_Phase_Assays_for_Antip\result\full.md","D:\科研\SH Science Group\综述文献打分\server_markdown_upload_ready\markdown_docs\pmid_35675831.md","48903"
"35690831","medium","10.1186/s13075-022-02814-w","Clinical characteristics and prognosis of patients with antiphospholipid antibodies based on cluster analysis: an 8-year cohort study","2022","Arthritis research & therapy","xml_markdown","D:\科研\SH Science Group\综述文献打分\library\processed\35690831__Qi_W._2022_Arthritis_research_therapy_Clinical_characteristics_and_progn\article.md","D:\科研\SH Science Group\综述文献打分\server_markdown_upload_ready\markdown_docs\pmid_35690831.md","32466"
"35867933","medium","10.1097/mbc.0000000000001153","Comparing the efficacy and safety of direct oral anticoagulants versus Vitamin K antagonists in patients with antiphospholipid syndrome: a systematic review and meta-analysis","2022","Blood coagulation & fibrinolysis : an international journal in haemostasis and thrombosis","xml_markdown","D:\科研\SH Science Group\综述文献打分\library\processed\35867933__Wu_X._2022_Blood_coagulation_Comparing_the_efficacy_and_safety_of_direct\article.md","D:\科研\SH Science Group\综述文献打分\server_markdown_upload_ready\markdown_docs\pmid_35867933.md","27790"
"35958624","medium","10.3389/fimmu.2022.951254","Detection of neutrophil extracellular traps in patient plasma: method development and validation in systemic lupus erythematosus and healthy donors that carry IRF5 genetic risk","2022","Frontiers in immunology","xml_markdown","D:\科研\SH Science Group\综述文献打分\library\processed\35958624__Matta_B._2022_Frontiers_in_immunology_Detection_of_neutrophil_extracellu\article.md","D:\科研\SH Science Group\综述文献打分\server_markdown_upload_ready\markdown_docs\pmid_35958624.md","35149"
"36007979","medium","10.1136/lupus-2022-000738","Antibodies to FXa and thrombin in patients with SLE differentially regulate C3 and C5 cleavage","2022","Lupus science & medicine","xml_markdown","D:\科研\SH Science Group\综述文献打分\library\processed\36007979__McDonnell_T._2022_Lupus_science_medicine_Antibodies_to_FXa_and_thrombin_\article.md","D:\科研\SH Science Group\综述文献打分\server_markdown_upload_ready\markdown_docs\pmid_36007979.md","21706"
"36032074","medium","10.3389/fimmu.2022.949919","Antiphospholipid antibodies are persistently positive at high titers. Additive value of platelet-bound C4d","2022","Frontiers in immunology","xml_markdown","D:\科研\SH Science Group\综述文献打分\library\processed\36032074__Sciascia_S._2022_Frontiers_in_immunology_Antiphospholipid_antibodies_are\article.md","D:\科研\SH Science Group\综述文献打分\server_markdown_upload_ready\markdown_docs\pmid_36032074.md","22364"
"36039649","medium","10.1002/iid3.678","SAMD1 attenuates antiphospholipid syndrome‐induced vascular injury and pregnancy complications","2022","Immunity, inflammation and disease","xml_markdown","D:\科研\SH Science Group\综述文献打分\library\processed\36039649__An_R._2022_Immunity_inflammation_and_SAMD1_attenuates_antiphospholipid_s\article.md","D:\科研\SH Science Group\综述文献打分\server_markdown_upload_ready\markdown_docs\pmid_36039649.md","39684"
"36172349","medium","10.3389/fimmu.2022.957201","Circulating immune-complexes of IgG/IgM bound to B2-glycoprotein-I associated with complement consumption and thrombocytopenia in antiphospholipid syndrome","2022","Frontiers in immunology","xml_markdown","D:\科研\SH Science Group\综述文献打分\library\processed\36172349__Naranjo_L._2022_Frontiers_in_immunology_Circulating_immune-complexes_of_\article.md","D:\科研\SH Science Group\综述文献打分\server_markdown_upload_ready\markdown_docs\pmid_36172349.md","64729"
"36299971","medium","10.7759/cureus.29449","Efficacy and Safety of Direct Oral Anticoagulants in Patients With Antiphospholipid Syndrome: A Systematic Review and Meta-Analysis","2022","Cureus","xml_markdown","D:\科研\SH Science Group\综述文献打分\library\processed\36299971__Gullapalli_K._2022_Cureus_Efficacy_and_Safety_of_Direct_Oral_Anticoagula\article.md","D:\科研\SH Science Group\综述文献打分\server_markdown_upload_ready\markdown_docs\pmid_36299971.md","26285"
"36428506","medium","10.3390/biomedicines10112938","Non-Criteria Obstetric Antiphospholipid Syndrome: How Different Is from Sidney Criteria? A Single-Center Study","2022","Biomedicines","xml_markdown","D:\科研\SH Science Group\综述文献打分\library\processed\36428506__Martínez-Taboada_M._2022_Biomedicines_Non-Criteria_Obstetric_Antiphospho\article.md","D:\科研\SH Science Group\综述文献打分\server_markdown_upload_ready\markdown_docs\pmid_36428506.md","26487"
"36676628","medium","10.3390/medicina59010004","Addison’s Disease in the Course of Recurrent Microangiopathic Antiphospholipid Syndrome—A Clinical Presentation and Review of the Literature","2022","Medicina (Kaunas, Lithuania)","xml_markdown","D:\科研\SH Science Group\综述文献打分\library\processed\36676628__Grabarczyk_M._2022_Medicina_Kaunas_Lithuania_Addison_s_Disease_in_the_Co\article.md","D:\科研\SH Science Group\综述文献打分\server_markdown_upload_ready\markdown_docs\pmid_36676628.md","22180"
"36700193","medium","10.3389/fimmu.2022.1076167","Beta 2 glycoprotein I and neutrophil extracellular traps: Potential bridge between innate and adaptive immunity in anti-phospholipid syndrome","2023","Frontiers in immunology","xml_markdown","D:\科研\SH Science Group\综述文献打分\library\processed\36700193__Grossi_C._2023_Frontiers_in_immunology_Beta_2_glycoprotein_I_and_neutrop\article.md","D:\科研\SH Science Group\综述文献打分\server_markdown_upload_ready\markdown_docs\pmid_36700193.md","24233"
"36837547","medium","10.3390/medicina59020346","Oral Anticoagulation in Patients with Chronic Liver Disease","2023","Medicina (Kaunas, Lithuania)","xml_markdown","D:\科研\SH Science Group\综述文献打分\library\processed\36837547__Costache_S._2023_Medicina_Kaunas_Lithuania_Oral_Anticoagulation_in_Patie\article.md","D:\科研\SH Science Group\综述文献打分\server_markdown_upload_ready\markdown_docs\pmid_36837547.md","41810"
"37063905","medium","10.3389/fimmu.2023.1155222","Pyroptosis-triggered pathogenesis: New insights on antiphospholipid syndrome","2023","Frontiers in immunology","xml_markdown","D:\科研\SH Science Group\综述文献打分\library\processed\37063905__Tan_Y._2023_Frontiers_in_immunology_Pyroptosis-triggered_pathogenesis_Ne\article.md","D:\科研\SH Science Group\综述文献打分\server_markdown_upload_ready\markdown_docs\pmid_37063905.md","39752"
"37275894","medium","10.3389/fimmu.2023.1145145","An update on the biologics for the treatment of antiphospholipid syndrome","2023","Frontiers in immunology","xml_markdown","D:\科研\SH Science Group\综述文献打分\library\processed\37275894__Yun_Z._2023_Frontiers_in_immunology_An_update_on_the_biologics_for_the_t\article.md","D:\科研\SH Science Group\综述文献打分\server_markdown_upload_ready\markdown_docs\pmid_37275894.md","25710"
"37568869","medium","10.3390/diagnostics13152507","Anti-Phosphatidylserine, Anti-Prothrombin, and Anti-Annexin V Autoantibodies in Antiphospholipid Syndrome: A Real-Life Study","2023","Diagnostics (Basel, Switzerland)","xml_markdown","D:\科研\SH Science Group\综述文献打分\library\processed\37568869__Roselli_D._2023_Diagnostics_Basel_Anti-Phosphatidylserine_Anti-Prothromb\article.md","D:\科研\SH Science Group\综述文献打分\server_markdown_upload_ready\markdown_docs\pmid_37568869.md","24102"
"37626793","medium","10.3390/biomedicines11082298","Preeclampsia and the Antiphospholipid Syndrome","2023","Biomedicines","xml_markdown","D:\科研\SH Science Group\综述文献打分\library\processed\37626793__Mayer-Pickel_K._2023_Biomedicines_Preeclampsia_and_the_Antiphospholipid_\article.md","D:\科研\SH Science Group\综述文献打分\server_markdown_upload_ready\markdown_docs\pmid_37626793.md","39563"
"37803443","medium","10.1186/s13075-023-03175-8","Association of anti-β2-glycoprotein I/HLA-DR complex antibody with arterial thrombosis in female patients with systemic rheumatic diseases","2023","Arthritis research & therapy","xml_markdown","D:\科研\SH Science Group\综述文献打分\library\processed\37803443__Yoneda_K._2023_Arthritis_research_therapy_Association_of_anti-β2-glycopr\article.md","D:\科研\SH Science Group\综述文献打分\server_markdown_upload_ready\markdown_docs\pmid_37803443.md","48142"
"38193060","medium","10.1016/j.rpth.2023.102227","Antiphospholipid syndrome in rural, remote, and First Nations peoples in the Top End of the Northern Territory, Australia","2023","Research and practice in thrombosis and haemostasis","xml_markdown","D:\科研\SH Science Group\综述文献打分\library\processed\38193060__Agbayani_E._2023_Research_and_practice_in_Antiphospholipid_syndrome_in_r\article.md","D:\科研\SH Science Group\综述文献打分\server_markdown_upload_ready\markdown_docs\pmid_38193060.md","30286"
"38623474","medium","10.1016/j.rpth.2024.102385","Testing for the lupus anticoagulant: the good, the bad, and the ugly","2024","Research and practice in thrombosis and haemostasis","xml_markdown","D:\科研\SH Science Group\综述文献打分\library\processed\38623474__Favaloro_J._2024_Research_and_practice_in_Testing_for_the_lupus_anticoag\article.md","D:\科研\SH Science Group\综述文献打分\server_markdown_upload_ready\markdown_docs\pmid_38623474.md","40248"
"38731197","medium","10.3390/jcm13092668","Understanding the Pathophysiology of Preeclampsia: Exploring the Role of Antiphospholipid Antibodies and Future Directions","2024","Journal of clinical medicine","xml_markdown","D:\科研\SH Science Group\综述文献打分\library\processed\38731197__Mitranovici_M._2024_Journal_of_clinical_medicine_Understanding_the_Patho\article.md","D:\科研\SH Science Group\综述文献打分\server_markdown_upload_ready\markdown_docs\pmid_38731197.md","48942"
"38869951","medium","10.1172/jci169893","Neutrophil glucose flux as a therapeutic target in antiphospholipid syndrome","2024","The Journal of clinical investigation","xml_markdown","D:\科研\SH Science Group\综述文献打分\library\processed\38869951__Tambralli_A._2024_The_Journal_of_clinical_Neutrophil_glucose_flux_as_a_t\article.md","D:\科研\SH Science Group\综述文献打分\server_markdown_upload_ready\markdown_docs\pmid_38869951.md","67289"
"39064231","medium","10.3390/jcm13144191","Antiphospholipid Syndrome: Insights into Molecular Mechanisms and Clinical Manifestations","2024","Journal of clinical medicine","xml_markdown","D:\科研\SH Science Group\综述文献打分\library\processed\39064231__Celia_A._2024_Journal_of_clinical_medicine_Antiphospholipid_Syndrome_Ins\article.md","D:\科研\SH Science Group\综述文献打分\server_markdown_upload_ready\markdown_docs\pmid_39064231.md","26027"
"39105064","medium","10.1055/s-0044-1788653","An Intestinal Microbiome Intervention Affects Biochemical Disease Activity in Patients with Antiphospholipid Syndrome","2024","TH open : companion journal to thrombosis and haemostasis","xml_markdown","D:\科研\SH Science Group\综述文献打分\library\processed\39105064__Jansen_I._2024_TH_open_companion_journal_An_Intestinal_Microbiome_Interv\article.md","D:\科研\SH Science Group\综述文献打分\server_markdown_upload_ready\markdown_docs\pmid_39105064.md","25772"
"39107892","medium","10.1093/rheumatology/keae397","Kidney whole-transcriptome profiling in primary antiphospholipid syndrome reveals complement, interferons and NETs-related gene expression","2024","Rheumatology (Oxford, England)","xml_markdown","D:\科研\SH Science Group\综述文献打分\library\processed\39107892__Tektonidou_G._2024_Rheumatology_Oxford_England_Kidney_whole-transcriptom\article.md","D:\科研\SH Science Group\综述文献打分\server_markdown_upload_ready\markdown_docs\pmid_39107892.md","23939"
"39252716","medium","10.7759/cureus.66555","Antiphospholipid Syndrome and Catastrophic Antiphospholipid Syndrome: A Comprehensive Review of Pathogenesis, Clinical Features, and Management Strategies","2024","Cureus","xml_markdown","D:\科研\SH Science Group\综述文献打分\library\processed\39252716__Parepalli_A._2024_Cureus_Antiphospholipid_Syndrome_and_Catastrophic_Anti\article.md","D:\科研\SH Science Group\综述文献打分\server_markdown_upload_ready\markdown_docs\pmid_39252716.md","39333"
"39337405","medium","10.3390/ijms25189917","Parvovirus B19 Infection Is Associated with the Formation of Neutrophil Extracellular Traps and Thrombosis: A Possible Linkage of the VP1 Unique Region","2024","International journal of molecular sciences","xml_markdown","D:\科研\SH Science Group\综述文献打分\library\processed\39337405__Tzang_B._2024_International_journal_of_Parvovirus_B19_Infection_Is_Assoc\article.md","D:\科研\SH Science Group\综述文献打分\server_markdown_upload_ready\markdown_docs\pmid_39337405.md","40061"
"39355252","medium","10.3389/fimmu.2024.1459842","Cell-bound complement activation products in antiphospholipid antibody-positive patients without other systemic autoimmune rheumatic diseases","2024","Frontiers in immunology","xml_markdown","D:\科研\SH Science Group\综述文献打分\library\processed\39355252__Erkan_D._2024_Frontiers_in_immunology_Cell-bound_complement_activation_p\article.md","D:\科研\SH Science Group\综述文献打分\server_markdown_upload_ready\markdown_docs\pmid_39355252.md","21167"
"39670300","medium","10.3892/ijmm.2024.5471","Vitamin D affects antiphospholipid syndrome by regulating T cells (Review)","2024","International journal of molecular medicine","xml_markdown","D:\科研\SH Science Group\综述文献打分\library\processed\39670300__Huo_R._2024_International_journal_of_Vitamin_D_affects_antiphospholipid_\article.md","D:\科研\SH Science Group\综述文献打分\server_markdown_upload_ready\markdown_docs\pmid_39670300.md","38534"
"39692090","medium","10.1177/10760296241306751","Key Issues at the Forefront of Diagnosis and Testing for Antiphospholipid Syndrome","2024","Clinical and applied thrombosis/hemostasis : official journal of the International Academy of Clinical and Applied Thrombosis/Hemostasis","xml_markdown","D:\科研\SH Science Group\综述文献打分\library\processed\39692090__Qiao_J._2024_Clinical_and_applied_Key_Issues_at_the_Forefront_of_Diagnos\article.md","D:\科研\SH Science Group\综述文献打分\server_markdown_upload_ready\markdown_docs\pmid_39692090.md","28958"
"39726607","medium","10.3389/fimmu.2024.1514433","Interpreting high levels of unfolded Von Willebrand Factor in patients with the antiphospholipid syndrome","2024","Frontiers in immunology","xml_markdown","D:\科研\SH Science Group\综述文献打分\library\processed\39726607__de_L._2024_Frontiers_in_immunology_Interpreting_high_levels_of_unfolded_\article.md","D:\科研\SH Science Group\综述文献打分\server_markdown_upload_ready\markdown_docs\pmid_39726607.md","25764"
"39732740","medium","10.1038/s41598-024-82451-2","Impact of antiphospholipid syndrome on placenta and uterine NK cell function: insights from a mouse model","2024","Scientific reports","xml_markdown","D:\科研\SH Science Group\综述文献打分\library\processed\39732740__Martirosyan_A._2024_Scientific_reports_Impact_of_antiphospholipid_syndro\article.md","D:\科研\SH Science Group\综述文献打分\server_markdown_upload_ready\markdown_docs\pmid_39732740.md","57739"
"40025243","medium","10.1038/s41598-025-91739-w","Secondary prevention with antiplatelet medications in patients with antiphospholipid antibody-related stroke","2025","Scientific reports","xml_markdown","D:\科研\SH Science Group\综述文献打分\library\processed\40025243__Yang_W._2025_Scientific_reports_Secondary_prevention_with_antiplatelet_m\article.md","D:\科研\SH Science Group\综述文献打分\server_markdown_upload_ready\markdown_docs\pmid_40025243.md","24197"
"40040717","medium","10.3389/fimmu.2025.1523799","Ubiquitin-proteasome system: a potential participant and therapeutic target in antiphospholipid syndrome","2025","Frontiers in immunology","xml_markdown","D:\科研\SH Science Group\综述文献打分\library\processed\40040717__Wang_H._2025_Frontiers_in_immunology_Ubiquitin-proteasome_system_a_poten\article.md","D:\科研\SH Science Group\综述文献打分\server_markdown_upload_ready\markdown_docs\pmid_40040717.md","49885"
"40093963","medium","10.1016/j.rpth.2025.102694","Intrinsic pathway activation in patients with antiphospholipid syndrome and healthy controls","2025","Research and practice in thrombosis and haemostasis","xml_markdown","D:\科研\SH Science Group\综述文献打分\library\processed\40093963__van_M._2025_Research_and_practice_in_Intrinsic_pathway_activation_in_pat\article.md","D:\科研\SH Science Group\综述文献打分\server_markdown_upload_ready\markdown_docs\pmid_40093963.md","24863"
"40110660","medium","10.1515/cclm-2025-0032","Antiphospholipid IgG Certified Reference Material ERM ® -DA477/IFCC: a tool for aPL harmonization?","2025","Clinical chemistry and laboratory medicine","xml_markdown","D:\科研\SH Science Group\综述文献打分\library\processed\40110660__Grossi_C._2025_Clinical_chemistry_and_Antiphospholipid_IgG_Certified_Ref\article.md","D:\科研\SH Science Group\综述文献打分\server_markdown_upload_ready\markdown_docs\pmid_40110660.md","34322"
"40128683","medium","10.1186/s12884-025-07471-w","Antiphospholipid syndrome in pregnancy: a comprehensive literature review","2025","BMC pregnancy and childbirth","xml_markdown","D:\科研\SH Science Group\综述文献打分\library\processed\40128683__Murvai_V._2025_BMC_pregnancy_and_childbirth_Antiphospholipid_syndrome_in\article.md","D:\科研\SH Science Group\综述文献打分\server_markdown_upload_ready\markdown_docs\pmid_40128683.md","63171"
"40236287","medium","10.1016/j.rpth.2025.102724","Unresolved issues in the diagnosis and management of thrombotic antiphospholipid syndrome","2025","Research and practice in thrombosis and haemostasis","xml_markdown","D:\科研\SH Science Group\综述文献打分\library\processed\40236287__Arachchillage_J._2025_Research_and_practice_in_Unresolved_issues_in_the_\article.md","D:\科研\SH Science Group\综述文献打分\server_markdown_upload_ready\markdown_docs\pmid_40236287.md","40712"
"40279303","medium","10.1371/journal.pone.0321405","Beyond antibodies: Beta-2 glycoprotein I as the unsung guardian of pregnancy","2025","PloS one","xml_markdown","D:\科研\SH Science Group\综述文献打分\library\processed\40279303__Yagi_K._2025_PloS_one_Beyond_antibodies_Beta-2_glycoprotein_I_as_the_uns\article.md","D:\科研\SH Science Group\综述文献打分\server_markdown_upload_ready\markdown_docs\pmid_40279303.md","37431"
"40336949","medium","10.3389/fimmu.2025.1541165","Anti-β2 glycoprotein domain 1 antibody as a diagnostic marker for antiphospholipid syndrome and a predictor of thrombosis: a systematic review and meta-analysis","2025","Frontiers in immunology","xml_markdown","D:\科研\SH Science Group\综述文献打分\library\processed\40336949__Li_L._2025_Frontiers_in_immunology_Anti-β2_glycoprotein_domain_1_antibod\article.md","D:\科研\SH Science Group\综述文献打分\server_markdown_upload_ready\markdown_docs\pmid_40336949.md","33342"
"40386969","medium","10.1002/art.43258","Antiphospholipid Syndrome: An Antibody‐Mediated Disease With Emerging Therapeutic Opportunities","2025","Arthritis & rheumatology (Hoboken, N.J.)","xml_markdown","D:\科研\SH Science Group\综述文献打分\library\processed\40386969__Newman_G._2025_Arthritis_rheumatology_Antiphospholipid_Syndrome_An_Antib\article.md","D:\科研\SH Science Group\综述文献打分\server_markdown_upload_ready\markdown_docs\pmid_40386969.md","29138"
"40488177","medium","10.1016/j.rpth.2025.102856","Efficacy and safety of direct oral anticoagulants compared with warfarin in antiphospholipid syndrome. Results of a multicenter retrospective cohort study","2025","Research and practice in thrombosis and haemostasis","xml_markdown","D:\科研\SH Science Group\综述文献打分\library\processed\40488177__Elsebaie_T._2025_Research_and_practice_in_Efficacy_and_safety_of_direct_\article.md","D:\科研\SH Science Group\综述文献打分\server_markdown_upload_ready\markdown_docs\pmid_40488177.md","31412"
"40592722","medium","10.1136/rmdopen-2025-005489","Thrombin generation test as a useful tool for improving disease severity stratification in antiphospholipid syndrome","2025","RMD open","xml_markdown","D:\科研\SH Science Group\综述文献打分\library\processed\40592722__Yelnik_C._2025_RMD_open_Thrombin_generation_test_as_a_useful_tool_for_im\article.md","D:\科研\SH Science Group\综述文献打分\server_markdown_upload_ready\markdown_docs\pmid_40592722.md","32959"
"40606218","medium","10.3389/fneph.2025.1572641","Case Report: Failure of eculizumab to block complement to prevent relapse of anti-phospholipid syndrome in kidney transplant recipient","2025","Frontiers in nephrology","xml_markdown","D:\科研\SH Science Group\综述文献打分\library\processed\40606218__Laban_T._2025_Frontiers_in_nephrology_Case_Report_Failure_of_eculizumab_\article.md","D:\科研\SH Science Group\综述文献打分\server_markdown_upload_ready\markdown_docs\pmid_40606218.md","15261"
"40872611","medium","10.3390/ph18081224","Drug Combination Recommendation Model for Systemic Lupus Erythematosus and Antiphospholipid Syndrome","2025","Pharmaceuticals (Basel, Switzerland)","xml_markdown","D:\科研\SH Science Group\综述文献打分\library\processed\40872611__Wang_L._2025_Pharmaceuticals_Basel_Drug_Combination_Recommendation_Model\article.md","D:\科研\SH Science Group\综述文献打分\server_markdown_upload_ready\markdown_docs\pmid_40872611.md","56279"
"40895602","medium","10.1016/j.yjsbx.2025.100135","The J-shape of β2GPI reveals a cryptic discontinuous epitope across domains I and II","2025","Journal of structural biology: X","xml_markdown","D:\科研\SH Science Group\综述文献打分\library\processed\40895602__Lalaurie_J._2025_Journal_of_structural_The_J-shape_of_β2GPI_reveals_a_cr\article.md","D:\科研\SH Science Group\综述文献打分\server_markdown_upload_ready\markdown_docs\pmid_40895602.md","50005"
"40971681","medium","10.1093/rheumatology/keaf484","Elevated pre-eclampsia risk in lupus nephritis and antiphospholipid syndrome: a nationwide Spanish registry analysis","2026","Rheumatology (Oxford, England)","xml_markdown","D:\科研\SH Science Group\综述文献打分\library\processed\40971681__Martín-Portugués_M._2026_Rheumatology_Oxford_England_Elevated_pre-eclamp\article.md","D:\科研\SH Science Group\综述文献打分\server_markdown_upload_ready\markdown_docs\pmid_40971681.md","30087"
"41279156","medium","10.1101/2025.11.07.687095","Antiphospholipid syndrome (APS) is a platelet factor 4 (PF4)-centric immunothrombotic disorder","2025","bioRxiv : the preprint server for biology","xml_markdown","D:\科研\SH Science Group\综述文献打分\library\processed\41279156__Field_O._2025_bioRxiv_the_preprint_server_Antiphospholipid_syndrome_APS_\article.md","D:\科研\SH Science Group\综述文献打分\server_markdown_upload_ready\markdown_docs\pmid_41279156.md","48983"
"41383627","medium","10.3389/fimmu.2025.1722080","Immune-mediated mechanisms and maternal-fetal interface dysfunction in obstetric antiphospholipid syndrome","2025","Frontiers in immunology","xml_markdown","D:\科研\SH Science Group\综述文献打分\library\processed\41383627__Ma_G._2025_Frontiers_in_immunology_Immune-mediated_mechanisms_and_matern\article.md","D:\科研\SH Science Group\综述文献打分\server_markdown_upload_ready\markdown_docs\pmid_41383627.md","39774"
"41479829","medium","10.5527/wjn.v14.i4.110882","Role of antiphospholipid antibodies in kidney disease: Risk factors, immunopathogenesis, and diagnosis","2025","World journal of nephrology","xml_markdown","D:\科研\SH Science Group\综述文献打分\library\processed\41479829__Abbas_K._2025_World_journal_of_nephrology_Role_of_antiphospholipid_antib\article.md","D:\科研\SH Science Group\综述文献打分\server_markdown_upload_ready\markdown_docs\pmid_41479829.md","47297"
"41573586","medium","10.3389/fimmu.2025.1721515","Terrible APS — a newly defined variant of severe APS","2026","Frontiers in immunology","xml_markdown","D:\科研\SH Science Group\综述文献打分\library\processed\41573586__Niznik_S._2026_Frontiers_in_immunology_Terrible_APS_-_a_newly_defined_va\article.md","D:\科研\SH Science Group\综述文献打分\server_markdown_upload_ready\markdown_docs\pmid_41573586.md","33400"
"41623307","medium","10.1016/j.xkme.2025.101223","Caveolin-1 as a Marker of Endothelial Damage in Primary Antiphospholipid Syndrome Nephropathy","2025","Kidney medicine","xml_markdown","D:\科研\SH Science Group\综述文献打分\library\processed\41623307__Sciascia_S._2025_Kidney_medicine_Caveolin-1_as_a_Marker_of_Endothelial_D\article.md","D:\科研\SH Science Group\综述文献打分\server_markdown_upload_ready\markdown_docs\pmid_41623307.md","19758"
"41659864","medium","10.3389/fimmu.2026.1743498","Animal models of antiphospholipid syndrome","2026","Frontiers in immunology","xml_markdown","D:\科研\SH Science Group\综述文献打分\library\processed\41659864__Ren_C._2026_Frontiers_in_immunology_Animal_models_of_antiphospholipid_sy\article.md","D:\科研\SH Science Group\综述文献打分\server_markdown_upload_ready\markdown_docs\pmid_41659864.md","46328"
"41689663","medium","10.1007/s10238-026-02048-z","Translational immunothrombosis in autoimmune Heparin-Induced thrombocytopenia: targeting the FcγRIIa–Syk–BTK and complement pathways","2026","Clinical and experimental medicine","xml_markdown","D:\科研\SH Science Group\综述文献打分\library\processed\41689663__Ahmadinia_M._2026_Clinical_and_experimental_Translational_immunothrombos\article.md","D:\科研\SH Science Group\综述文献打分\server_markdown_upload_ready\markdown_docs\pmid_41689663.md","74754"
"41867182","medium","10.64898/2026.03.04.26347632","A Common Missense Variant, W335S, in β2-Glycoprotein I (APOH) is Associated with Increased Autoantibody Levels but Reduced Venous Thromboembolism Risk","2026","medRxiv : the preprint server for health sciences","xml_markdown","D:\科研\SH Science Group\综述文献打分\library\processed\41867182__Lalaurie_C._2026_medRxiv_the_preprint_server_A_Common_Missense_Variant_W\article.md","D:\科研\SH Science Group\综述文献打分\server_markdown_upload_ready\markdown_docs\pmid_41867182.md","57291"
"41890553","medium","10.1016/j.rpth.2026.103396","Antiphospholipid syndrome and pregnancy—a hematologic perspective","2026","Research and practice in thrombosis and haemostasis","xml_markdown","D:\科研\SH Science Group\综述文献打分\library\processed\41890553__Doyle_J._2026_Research_and_practice_in_Antiphospholipid_syndrome_and_pre\article.md","D:\科研\SH Science Group\综述文献打分\server_markdown_upload_ready\markdown_docs\pmid_41890553.md","40700"
"41956709","medium","10.1136/rmdopen-2025-006504","Severe thrombocytopenia in antiphospholipid syndrome: a retrospective study of 432 patients","2026","RMD open","xml_markdown","D:\科研\SH Science Group\综述文献打分\library\processed\41956709__Schmidt_C._2026_RMD_open_Severe_thrombocytopenia_in_antiphospholipid_syn\article.md","D:\科研\SH Science Group\综述文献打分\server_markdown_upload_ready\markdown_docs\pmid_41956709.md","25790"
